rank	motif_DB	motif_ID	motif_alt_ID	consensus	p-value	adj_p-value	E-value	tests	FASTA_max	pos	neg	PWM_min	TP	%TP	FP	%FP
1	/var/folders/zj/qks7f18j3cz0b50t1p0qvzbh0000gn/T//RtmpruRab6/729	SOX15	MA1152.2	CYWTTGT	4.65e-370	7.53e-366	6.62e-363	16193	4652	4652	24915	1.09	3706	79.66	11939	47.92
2	/var/folders/zj/qks7f18j3cz0b50t1p0qvzbh0000gn/T//RtmpruRab6/732	SOX4	MA0867.3	AACAAAGR	4.33e-350	6.62e-346	5.82e-343	15296	4652	4652	24915	1.01	3624	77.90	11666	46.82
3	/var/folders/zj/qks7f18j3cz0b50t1p0qvzbh0000gn/T//RtmpruRab6/734	SOX8	MA0868.3	AACAATR	1.42e-313	1.76e-309	1.55e-306	12397	4652	4652	24915	1.01	3124	67.15	9269	37.20
4	/var/folders/zj/qks7f18j3cz0b50t1p0qvzbh0000gn/T//RtmpruRab6/730	Sox17	MA0078.3	AGAACAATGG	7.95e-312	8.88e-308	7.81e-305	11173	4652	4652	24915	1.02	2922	62.81	8251	33.12
5	/var/folders/zj/qks7f18j3cz0b50t1p0qvzbh0000gn/T//RtmpruRab6/20	Sox6	MA0515.1	CCWTTGTYYY	5.97e-280	6.71e-276	5.90e-273	11245	4652	4652	24915	1.02	2871	61.72	8365	33.57
6	/var/folders/zj/qks7f18j3cz0b50t1p0qvzbh0000gn/T//RtmpruRab6/733	Sox5	MA0087.3	AACAATGG	9.78e-264	1.01e-259	8.85e-257	10292	4652	4652	24915	1.02	2675	57.50	7595	30.48
7	/var/folders/zj/qks7f18j3cz0b50t1p0qvzbh0000gn/T//RtmpruRab6/432	SOX2	MA0143.5	ACAATGG	3.75e-258	4.20e-254	3.69e-251	11209	4652	4652	24915	1.01	2822	60.66	8385	33.65
8	/var/folders/zj/qks7f18j3cz0b50t1p0qvzbh0000gn/T//RtmpruRab6/744	SRY	MA0084.2	WAACAAT	1.24e-247	1.71e-243	1.50e-240	13734	4652	4652	24915	1.01	3204	68.87	10530	42.26
9	/var/folders/zj/qks7f18j3cz0b50t1p0qvzbh0000gn/T//RtmpruRab6/731	Sox3	MA0514.3	ACAATGG	3.85e-246	4.20e-242	3.69e-239	10928	4652	4652	24915	1.01	2750	59.11	8177	32.82
10	/var/folders/zj/qks7f18j3cz0b50t1p0qvzbh0000gn/T//RtmpruRab6/735	SOX9	MA0077.2	CYATTGTT	2.25e-245	2.37e-241	2.08e-238	10522	4652	4652	24915	1.04	2650	56.96	7697	30.89
11	/var/folders/zj/qks7f18j3cz0b50t1p0qvzbh0000gn/T//RtmpruRab6/145	Sox7	MA2095.1	AGAACAATGG	3.33e-242	2.85e-238	2.50e-235	8568	4652	4652	24915	1.03	2329	50.06	6237	25.03
12	/var/folders/zj/qks7f18j3cz0b50t1p0qvzbh0000gn/T//RtmpruRab6/727	SOX13	MA1120.2	ACAATGG	7.52e-232	7.97e-228	7.00e-225	10603	4652	4652	24915	1.02	2663	57.24	7931	31.83
13	/var/folders/zj/qks7f18j3cz0b50t1p0qvzbh0000gn/T//RtmpruRab6/725	Sox11	MA0869.3	GAACAAAG	1.52e-221	1.87e-217	1.64e-214	12330	4652	4652	24915	1.02	2926	62.90	9398	37.72
14	/var/folders/zj/qks7f18j3cz0b50t1p0qvzbh0000gn/T//RtmpruRab6/188	SOX18	MA1563.2	AACAATDV	8.91e-209	1.04e-204	9.14e-202	11672	4652	4652	24915	1.16	2660	57.18	8223	33.00
15	/var/folders/zj/qks7f18j3cz0b50t1p0qvzbh0000gn/T//RtmpruRab6/724	SOX10	MA0442.3	ACAAAG	1.39e-190	1.66e-186	1.46e-183	11955	4652	4652	24915	2.3	2722	58.51	8792	35.29
16	/var/folders/zj/qks7f18j3cz0b50t1p0qvzbh0000gn/T//RtmpruRab6/728	SOX14	MA1562.2	CGAACAATG	2.76e-96	1.36e-92	1.20e-89	4948	4652	4652	24915	1.03	1286	27.64	3628	14.56
17	/var/folders/zj/qks7f18j3cz0b50t1p0qvzbh0000gn/T//RtmpruRab6/463	Hnf1A	MA1991.2	CCTTTGATST	6.20e-62	5.27e-58	4.63e-55	8504	4652	4652	24915	1.05	1791	38.50	6549	26.29
18	/var/folders/zj/qks7f18j3cz0b50t1p0qvzbh0000gn/T//RtmpruRab6/525	Lef1	MA0768.3	CCTTTGAT	6.44e-52	5.73e-48	5.03e-45	8894	4652	4652	24915	1.02	1831	39.36	6994	28.07
19	/var/folders/zj/qks7f18j3cz0b50t1p0qvzbh0000gn/T//RtmpruRab6/726	SOX12	MA1561.2	ACCGAACAAT	2.05e-40	6.88e-37	6.05e-34	3364	4652	4652	24915	1.07	789	16.96	2480	9.95
20	/var/folders/zj/qks7f18j3cz0b50t1p0qvzbh0000gn/T//RtmpruRab6/767	TCF7L2	MA0523.2	ASATCAAAG	2.33e-37	1.44e-33	1.27e-30	6192	4652	4652	24915	1.02	1308	28.12	4882	19.59
21	/var/folders/zj/qks7f18j3cz0b50t1p0qvzbh0000gn/T//RtmpruRab6/289	Dmrt1	MA1603.2	TACAAAGTA	8.07e-37	3.68e-33	3.24e-30	4563	4652	4652	24915	1.02	1015	21.82	3547	14.24
22	/var/folders/zj/qks7f18j3cz0b50t1p0qvzbh0000gn/T//RtmpruRab6/850	ZNF354A	MA1978.2	WAADWATAAATGRAYWAWTT	2.82e-34	1.59e-30	1.40e-27	5632	4652	4652	24915	1.08	1193	25.64	4429	17.78
23	/var/folders/zj/qks7f18j3cz0b50t1p0qvzbh0000gn/T//RtmpruRab6/248	Bcl11B	MA1989.2	AAACCACAA	5.92e-33	5.34e-29	4.69e-26	9013	4652	4652	24915	1.05	1737	37.34	7096	28.48
24	/var/folders/zj/qks7f18j3cz0b50t1p0qvzbh0000gn/T//RtmpruRab6/192	Pgr	MA2323.1	AAGAACAAANTGTTCTT	1.85e-27	7.53e-24	6.62e-21	4079	4652	4652	24915	1.15	862	18.53	3095	12.42
25	/var/folders/zj/qks7f18j3cz0b50t1p0qvzbh0000gn/T//RtmpruRab6/747	Stat2	MA1623.2	GAAACAGAAA	4.70e-25	4.35e-21	3.82e-18	9250	4652	4652	24915	1.08	1718	36.93	7290	29.26
26	/var/folders/zj/qks7f18j3cz0b50t1p0qvzbh0000gn/T//RtmpruRab6/337	Foxo1	MA0480.3	GTAAACA	1.90e-24	1.67e-20	1.47e-17	8817	4652	4652	24915	1.01	1677	36.05	7108	28.53
27	/var/folders/zj/qks7f18j3cz0b50t1p0qvzbh0000gn/T//RtmpruRab6/399	FOXC2	MA0846.2	WAWGTAAACAW	3.04e-24	2.29e-20	2.02e-17	7546	4652	4652	24915	1.02	1466	31.51	6066	24.35
28	/var/folders/zj/qks7f18j3cz0b50t1p0qvzbh0000gn/T//RtmpruRab6/707	Runx1	MA0002.3	YTGTGGTTT	2.53e-24	3.41e-20	3.00e-17	13471	4652	4652	24915	1.14	2287	49.16	10249	41.14
29	/var/folders/zj/qks7f18j3cz0b50t1p0qvzbh0000gn/T//RtmpruRab6/402	FOXD3	MA0041.3	WAWGHAAATAAACA	6.50e-24	4.65e-20	4.09e-17	7150	4652	4652	24915	1.03	1399	30.07	5749	23.07
30	/var/folders/zj/qks7f18j3cz0b50t1p0qvzbh0000gn/T//RtmpruRab6/488	HOXC8	MA1505.2	TAATTA	7.00e-24	5.38e-20	4.73e-17	7682	4652	4652	24915	1.02	1463	31.45	6065	24.34
31	/var/folders/zj/qks7f18j3cz0b50t1p0qvzbh0000gn/T//RtmpruRab6/755	TBP	MA0108.3	TATAAAW	2.05e-23	1.12e-19	9.80e-17	5435	4652	4652	24915	1.01	1097	23.58	4308	17.29
32	/var/folders/zj/qks7f18j3cz0b50t1p0qvzbh0000gn/T//RtmpruRab6/100	FOXP3	MA0850.1	RTAAACA	1.62e-23	1.61e-19	1.42e-16	9984	4652	4652	24915	1.01	1865	40.09	8098	32.50
33	/var/folders/zj/qks7f18j3cz0b50t1p0qvzbh0000gn/T//RtmpruRab6/580	Nfat5	MA0606.3	ATGGAAAA	3.53e-23	3.23e-19	2.84e-16	9158	4652	4652	24915	1.03	1717	36.91	7361	29.54
34	/var/folders/zj/qks7f18j3cz0b50t1p0qvzbh0000gn/T//RtmpruRab6/291	DMRTA1	MA1707.2	TTGWTACAWT	1.84e-21	9.91e-18	8.71e-15	5372	4652	4652	24915	1.12	1009	21.69	3957	15.88
35	/var/folders/zj/qks7f18j3cz0b50t1p0qvzbh0000gn/T//RtmpruRab6/766	TCF7	MA0769.3	CTTTGAW	3.79e-21	2.64e-17	2.32e-14	6962	4652	4652	24915	1.01	1349	29.00	5610	22.52
36	/var/folders/zj/qks7f18j3cz0b50t1p0qvzbh0000gn/T//RtmpruRab6/420	Foxq1	MA0040.2	ATTGTTTATW	1.29e-20	6.22e-17	5.47e-14	4820	4652	4652	24915	1.03	972	20.89	3811	15.30
37	/var/folders/zj/qks7f18j3cz0b50t1p0qvzbh0000gn/T//RtmpruRab6/582	Nfatc2	MA0152.3	AATGGAAA	1.27e-20	1.12e-16	9.81e-14	8773	4652	4652	24915	1.06	1605	34.50	6905	27.71
38	/var/folders/zj/qks7f18j3cz0b50t1p0qvzbh0000gn/T//RtmpruRab6/494	Hoxd13	MA0909.4	CAATAAA	9.48e-20	3.66e-16	3.22e-13	3860	4652	4652	24915	1.01	804	17.28	3054	12.26
39	/var/folders/zj/qks7f18j3cz0b50t1p0qvzbh0000gn/T//RtmpruRab6/472	HOXA7	MA1498.3	YMATTA	1.27e-19	8.30e-16	7.29e-13	6521	4652	4652	24915	1	1264	27.17	5254	21.09
40	/var/folders/zj/qks7f18j3cz0b50t1p0qvzbh0000gn/T//RtmpruRab6/799	VAX2	MA0723.3	YAATTA	8.04e-19	5.66e-15	4.98e-12	7044	4652	4652	24915	1.01	1340	28.80	5661	22.72
41	/var/folders/zj/qks7f18j3cz0b50t1p0qvzbh0000gn/T//RtmpruRab6/581	Nfatc1	MA0624.3	TGGAAA	1.38e-18	1.34e-14	1.18e-11	9663	4652	4652	24915	1.46	1778	38.22	7875	31.61
42	/var/folders/zj/qks7f18j3cz0b50t1p0qvzbh0000gn/T//RtmpruRab6/14	Arid3a	MA0151.1	ATYAAA	4.40e-18	3.61e-14	3.18e-11	8217	4652	4652	24915	1.01	1531	32.91	6646	26.67
43	/var/folders/zj/qks7f18j3cz0b50t1p0qvzbh0000gn/T//RtmpruRab6/608	NKX6-3	MA1530.2	VYCATTAW	9.06e-18	4.53e-14	3.99e-11	5002	4652	4652	24915	1.01	992	21.32	4009	16.09
44	/var/folders/zj/qks7f18j3cz0b50t1p0qvzbh0000gn/T//RtmpruRab6/487	HOXC4	MA1504.2	TMATTA	5.99e-18	4.65e-14	4.09e-11	7763	4652	4652	24915	1.01	1461	31.41	6301	25.29
45	/var/folders/zj/qks7f18j3cz0b50t1p0qvzbh0000gn/T//RtmpruRab6/256	CDX2	MA0465.3	GCAATAAA	1.95e-17	8.11e-14	7.13e-11	4155	4652	4652	24915	1.02	842	18.10	3309	13.28
46	/var/folders/zj/qks7f18j3cz0b50t1p0qvzbh0000gn/T//RtmpruRab6/468	HOXA10	MA0899.2	GYMATAAAA	1.76e-17	1.00e-13	8.79e-11	5696	4652	4652	24915	1.01	1107	23.80	4575	18.36
47	/var/folders/zj/qks7f18j3cz0b50t1p0qvzbh0000gn/T//RtmpruRab6/292	DMRTA2	MA1478.2	GHTACA	1.84e-17	1.83e-13	1.61e-10	9970	4652	4652	24915	1.01	1820	39.12	8145	32.69
48	/var/folders/zj/qks7f18j3cz0b50t1p0qvzbh0000gn/T//RtmpruRab6/403	FOXE1	MA1487.3	YTAAAYAAACAA	9.52e-17	4.43e-13	3.90e-10	4653	4652	4652	24915	1.11	894	19.22	3580	14.37
49	/var/folders/zj/qks7f18j3cz0b50t1p0qvzbh0000gn/T//RtmpruRab6/477	HOXB4	MA1499.2	TMATTA	8.61e-17	6.43e-13	5.65e-10	7470	4652	4652	24915	1.01	1403	30.16	6064	24.34
50	/var/folders/zj/qks7f18j3cz0b50t1p0qvzbh0000gn/T//RtmpruRab6/712	SHOX	MA0630.2	TAATTR	3.94e-16	2.22e-12	1.95e-9	5631	4652	4652	24915	1.04	1063	22.85	4417	17.73
51	/var/folders/zj/qks7f18j3cz0b50t1p0qvzbh0000gn/T//RtmpruRab6/409	Foxj3	MA0851.2	GTAAACAAA	5.51e-16	2.77e-12	2.44e-9	5026	4652	4652	24915	1.02	982	21.11	4031	16.18
52	/var/folders/zj/qks7f18j3cz0b50t1p0qvzbh0000gn/T//RtmpruRab6/495	HOXD4	MA1507.2	TMATTA	4.77e-16	3.63e-12	3.19e-9	7608	4652	4652	24915	1.01	1414	30.40	6154	24.70
53	/var/folders/zj/qks7f18j3cz0b50t1p0qvzbh0000gn/T//RtmpruRab6/474	HOXB2	MA0902.3	YAATTA	5.67e-16	4.50e-12	3.96e-9	7945	4652	4652	24915	1.01	1476	31.73	6469	25.96
54	/var/folders/zj/qks7f18j3cz0b50t1p0qvzbh0000gn/T//RtmpruRab6/284	Dlx3	MA0880.2	YAATTA	9.92e-16	5.66e-12	4.98e-9	5709	4652	4652	24915	1.01	1094	23.52	4585	18.40
55	/var/folders/zj/qks7f18j3cz0b50t1p0qvzbh0000gn/T//RtmpruRab6/445	GSX1	MA0892.2	YMATTA	1.53e-15	8.88e-12	7.80e-9	5814	4652	4652	24915	1.01	1113	23.93	4686	18.81
56	/var/folders/zj/qks7f18j3cz0b50t1p0qvzbh0000gn/T//RtmpruRab6/97	FOXC1	MA0032.2	WAWGTAAAYAW	1.67e-15	9.86e-12	8.67e-9	5901	4652	4652	24915	1.02	1130	24.29	4771	19.15
57	/var/folders/zj/qks7f18j3cz0b50t1p0qvzbh0000gn/T//RtmpruRab6/163	FOXS1	MA2118.1	TGTAAACA	1.83e-15	1.21e-11	1.07e-8	6648	4652	4652	24915	1.01	1255	26.98	5389	21.63
58	/var/folders/zj/qks7f18j3cz0b50t1p0qvzbh0000gn/T//RtmpruRab6/524	LBX2	MA0699.2	YAATTA	2.67e-15	1.52e-11	1.33e-8	5679	4652	4652	24915	1.04	1058	22.74	4428	17.77
59	/var/folders/zj/qks7f18j3cz0b50t1p0qvzbh0000gn/T//RtmpruRab6/293	DMRTC2	MA1479.2	AATTGMTACAT	6.45e-15	2.41e-11	2.12e-8	3740	4652	4652	24915	1.02	754	16.21	2986	11.98
60	/var/folders/zj/qks7f18j3cz0b50t1p0qvzbh0000gn/T//RtmpruRab6/285	Dlx4	MA0881.2	YAATTA	5.11e-15	2.89e-11	2.54e-8	5664	4652	4652	24915	1.02	1077	23.15	4533	18.19
61	/var/folders/zj/qks7f18j3cz0b50t1p0qvzbh0000gn/T//RtmpruRab6/242	BARX2	MA1471.2	WAAYMATTA	7.84e-15	3.34e-11	2.93e-8	4256	4652	4652	24915	1.01	842	18.10	3406	13.67
62	/var/folders/zj/qks7f18j3cz0b50t1p0qvzbh0000gn/T//RtmpruRab6/607	NKX6-2	MA0675.2	YMATTA	5.91e-15	3.94e-11	3.47e-8	6673	4652	4652	24915	1.01	1252	26.91	5398	21.67
63	/var/folders/zj/qks7f18j3cz0b50t1p0qvzbh0000gn/T//RtmpruRab6/412	Foxl2	MA1607.2	WATGTAAACA	1.78e-14	1.06e-10	9.33e-8	5972	4652	4652	24915	1.02	1134	24.38	4837	19.41
64	/var/folders/zj/qks7f18j3cz0b50t1p0qvzbh0000gn/T//RtmpruRab6/287	DLX6	MA0882.2	YAATTA	2.14e-14	1.19e-10	1.05e-7	5552	4652	4652	24915	1.02	1056	22.70	4458	17.89
65	/var/folders/zj/qks7f18j3cz0b50t1p0qvzbh0000gn/T//RtmpruRab6/609	Nobox	MA0125.2	TAATTR	3.55e-14	2.01e-10	1.77e-7	5666	4652	4652	24915	1.07	1055	22.68	4463	17.91
66	/var/folders/zj/qks7f18j3cz0b50t1p0qvzbh0000gn/T//RtmpruRab6/568	Msx3	MA0709.2	CAATTA	3.82e-14	2.16e-10	1.90e-7	5664	4652	4652	24915	1.01	1079	23.19	4582	18.39
67	/var/folders/zj/qks7f18j3cz0b50t1p0qvzbh0000gn/T//RtmpruRab6/430	GBX2	MA0890.2	YAATTA	3.82e-14	2.16e-10	1.90e-7	5665	4652	4652	24915	1.02	1079	23.19	4582	18.39
68	/var/folders/zj/qks7f18j3cz0b50t1p0qvzbh0000gn/T//RtmpruRab6/567	MSX2	MA0708.3	CAATTA	3.98e-14	2.26e-10	1.99e-7	5687	4652	4652	24915	1.03	1077	23.15	4573	18.35
69	/var/folders/zj/qks7f18j3cz0b50t1p0qvzbh0000gn/T//RtmpruRab6/219	Arid3b	MA0601.2	TATTAAT	5.38e-14	2.82e-10	2.48e-7	5245	4652	4652	24915	1.04	989	21.26	4149	16.65
70	/var/folders/zj/qks7f18j3cz0b50t1p0qvzbh0000gn/T//RtmpruRab6/692	RAX2	MA0717.2	YAATTA	5.19e-14	2.86e-10	2.51e-7	5498	4652	4652	24915	1.01	1050	22.57	4446	17.84
71	/var/folders/zj/qks7f18j3cz0b50t1p0qvzbh0000gn/T//RtmpruRab6/452	HESX1	MA0894.2	TAATTR	5.49e-14	3.10e-10	2.72e-7	5640	4652	4652	24915	1.03	1071	23.02	4550	18.26
72	/var/folders/zj/qks7f18j3cz0b50t1p0qvzbh0000gn/T//RtmpruRab6/691	RAX	MA0718.2	YAATTA	6.24e-14	3.51e-10	3.08e-7	5627	4652	4652	24915	1.05	1056	22.70	4479	17.98
73	/var/folders/zj/qks7f18j3cz0b50t1p0qvzbh0000gn/T//RtmpruRab6/566	MSX1	MA0666.3	CAATTA	6.81e-14	3.87e-10	3.40e-7	5690	4652	4652	24915	1.07	1074	23.09	4569	18.34
74	/var/folders/zj/qks7f18j3cz0b50t1p0qvzbh0000gn/T//RtmpruRab6/606	NKX6-1	MA0674.2	TMATTAA	6.98e-14	3.92e-10	3.45e-7	5623	4652	4652	24915	1.06	1039	22.33	4398	17.65
75	/var/folders/zj/qks7f18j3cz0b50t1p0qvzbh0000gn/T//RtmpruRab6/500	Irf1	MA0050.4	TGAAACTGAAA	6.87e-14	4.53e-10	3.98e-7	6584	4652	4652	24915	1.03	1232	26.48	5350	21.47
76	/var/folders/zj/qks7f18j3cz0b50t1p0qvzbh0000gn/T//RtmpruRab6/479	HOXB6	MA1500.2	TAATKRC	7.79e-14	4.61e-10	4.06e-7	5920	4652	4652	24915	1.01	1120	24.08	4798	19.26
77	/var/folders/zj/qks7f18j3cz0b50t1p0qvzbh0000gn/T//RtmpruRab6/630	NR4A1	MA1112.3	AAAGGTCA	8.76e-14	4.90e-10	4.31e-7	5590	4652	4652	24915	1.02	1064	22.87	4525	18.16
78	/var/folders/zj/qks7f18j3cz0b50t1p0qvzbh0000gn/T//RtmpruRab6/417	Foxo3	MA0157.4	GTAAACA	7.16e-14	4.93e-10	4.34e-7	6889	4652	4652	24915	1.08	1197	25.73	5177	20.78
79	/var/folders/zj/qks7f18j3cz0b50t1p0qvzbh0000gn/T//RtmpruRab6/713	Shox2	MA0720.2	YAATTA	9.55e-14	5.23e-10	4.60e-7	5482	4652	4652	24915	1.02	1041	22.38	4414	17.72
80	/var/folders/zj/qks7f18j3cz0b50t1p0qvzbh0000gn/T//RtmpruRab6/508	ISX	MA0654.2	YAATTA	1.07e-13	5.94e-10	5.22e-7	5568	4652	4652	24915	1.03	1053	22.64	4475	17.96
81	/var/folders/zj/qks7f18j3cz0b50t1p0qvzbh0000gn/T//RtmpruRab6/241	BARX1	MA0875.2	CMATTA	1.15e-13	6.89e-10	6.05e-7	5964	4652	4652	24915	1.02	1107	23.80	4742	19.03
82	/var/folders/zj/qks7f18j3cz0b50t1p0qvzbh0000gn/T//RtmpruRab6/682	PRRX1	MA0716.2	YAATTA	1.42e-13	7.64e-10	6.72e-7	5392	4652	4652	24915	1.02	1021	21.95	4324	17.36
83	/var/folders/zj/qks7f18j3cz0b50t1p0qvzbh0000gn/T//RtmpruRab6/471	HOXA6	MA1497.2	GYMATTA	1.82e-13	1.01e-9	8.88e-7	5536	4652	4652	24915	1.01	1051	22.59	4476	17.97
84	/var/folders/zj/qks7f18j3cz0b50t1p0qvzbh0000gn/T//RtmpruRab6/330	EN1	MA0027.3	YAATTA	2.41e-13	1.34e-9	1.18e-6	5557	4652	4652	24915	1.1	1008	21.67	4271	17.14
85	/var/folders/zj/qks7f18j3cz0b50t1p0qvzbh0000gn/T//RtmpruRab6/829	ZIM3	MA1709.2	MAACAGAAACC	3.13e-13	1.46e-9	1.29e-6	4671	4652	4652	24915	1.04	899	19.33	3746	15.04
86	/var/folders/zj/qks7f18j3cz0b50t1p0qvzbh0000gn/T//RtmpruRab6/498	IKZF1	MA1508.2	AACAGGAA	1.35e-13	1.75e-9	1.54e-6	12944	4652	4652	24915	1.11	2154	46.30	10095	40.52
87	/var/folders/zj/qks7f18j3cz0b50t1p0qvzbh0000gn/T//RtmpruRab6/565	Msgn1	MA1524.3	RACAAATGGT	5.92e-13	1.86e-9	1.63e-6	3136	4652	4652	24915	1.04	627	13.48	2463	9.89
88	/var/folders/zj/qks7f18j3cz0b50t1p0qvzbh0000gn/T//RtmpruRab6/282	DLX1	MA0879.3	YAATTA	3.33e-13	1.92e-9	1.69e-6	5758	4652	4652	24915	1.04	1066	22.91	4562	18.31
89	/var/folders/zj/qks7f18j3cz0b50t1p0qvzbh0000gn/T//RtmpruRab6/277	Hoxa13	MA0650.4	CCAATAAA	6.79e-13	3.13e-9	2.75e-6	4611	4652	4652	24915	1.04	879	18.90	3664	14.71
90	/var/folders/zj/qks7f18j3cz0b50t1p0qvzbh0000gn/T//RtmpruRab6/708	RUNX3	MA0684.3	AACCTCAA	3.81e-13	3.14e-9	2.76e-6	8247	4652	4652	24915	1.04	1479	31.79	6630	26.61
91	/var/folders/zj/qks7f18j3cz0b50t1p0qvzbh0000gn/T//RtmpruRab6/790	TLX2	MA1577.2	YAATTA	6.31e-13	3.49e-9	3.07e-6	5525	4652	4652	24915	1.06	1033	22.21	4413	17.71
92	/var/folders/zj/qks7f18j3cz0b50t1p0qvzbh0000gn/T//RtmpruRab6/478	HOXB5	MA0904.3	TAATTA	7.13e-13	5.17e-9	4.55e-6	7257	4652	4652	24915	1.01	1327	28.53	5877	23.59
93	/var/folders/zj/qks7f18j3cz0b50t1p0qvzbh0000gn/T//RtmpruRab6/795	UNCX	MA0721.2	YAATTA	1.05e-12	5.59e-9	4.92e-6	5308	4652	4652	24915	1.01	1007	21.65	4296	17.24
94	/var/folders/zj/qks7f18j3cz0b50t1p0qvzbh0000gn/T//RtmpruRab6/317	HOXA1	MA1495.2	TAATTA	1.06e-12	7.28e-9	6.40e-6	6884	4652	4652	24915	1.01	1268	27.26	5590	22.44
95	/var/folders/zj/qks7f18j3cz0b50t1p0qvzbh0000gn/T//RtmpruRab6/12	Pou5f1::Sox2	MA0142.1	CWTTGTYATGCAAAT	2.89e-12	1.04e-8	9.11e-6	3584	4652	4652	24915	1.06	708	15.22	2871	11.52
96	/var/folders/zj/qks7f18j3cz0b50t1p0qvzbh0000gn/T//RtmpruRab6/476	HOXB3	MA0903.2	YMATTA	1.69e-12	1.09e-8	9.55e-6	6415	4652	4652	24915	1.01	1188	25.54	5201	20.87
97	/var/folders/zj/qks7f18j3cz0b50t1p0qvzbh0000gn/T//RtmpruRab6/481	HOXB8	MA1502.2	GYMATTA	1.96e-12	1.16e-8	1.02e-5	5907	4652	4652	24915	1.01	1104	23.73	4787	19.21
98	/var/folders/zj/qks7f18j3cz0b50t1p0qvzbh0000gn/T//RtmpruRab6/496	HOXD8	MA0910.3	GYMATTA	2.66e-12	1.59e-8	1.40e-5	5995	4652	4652	24915	1.01	1120	24.08	4873	19.56
99	/var/folders/zj/qks7f18j3cz0b50t1p0qvzbh0000gn/T//RtmpruRab6/162	FOXP4	MA2117.1	GTAAACA	4.24e-12	2.68e-8	2.36e-5	6320	4652	4652	24915	1.01	1172	25.19	5142	20.64
100	/var/folders/zj/qks7f18j3cz0b50t1p0qvzbh0000gn/T//RtmpruRab6/214	ALX3	MA0634.2	YAATTA	5.68e-12	2.94e-8	2.58e-5	5176	4652	4652	24915	1.01	976	20.98	4179	16.77
101	/var/folders/zj/qks7f18j3cz0b50t1p0qvzbh0000gn/T//RtmpruRab6/559	MIXL1	MA0662.2	YAATTA	5.60e-12	2.99e-8	2.63e-5	5342	4652	4652	24915	1.02	995	21.39	4272	17.15
102	/var/folders/zj/qks7f18j3cz0b50t1p0qvzbh0000gn/T//RtmpruRab6/278	HOXB13	MA0901.3	CCAATAAAA	1.10e-11	4.40e-8	3.87e-5	3996	4652	4652	24915	1.17	695	14.94	2833	11.37
103	/var/folders/zj/qks7f18j3cz0b50t1p0qvzbh0000gn/T//RtmpruRab6/211	LIN54	MA0619.2	TTTRAAT	6.64e-12	4.63e-8	4.07e-5	6971	4652	4652	24915	1.01	1277	27.45	5678	22.79
104	/var/folders/zj/qks7f18j3cz0b50t1p0qvzbh0000gn/T//RtmpruRab6/865	ZNF680	MA1729.2	CCAAGAAGAAT	1.60e-11	6.51e-8	5.72e-5	4060	4652	4652	24915	1.26	707	15.20	2897	11.63
105	/var/folders/zj/qks7f18j3cz0b50t1p0qvzbh0000gn/T//RtmpruRab6/401	FOXD2	MA0847.4	YTAARYAAACA	3.25e-11	1.44e-7	1.26e-4	4422	4652	4652	24915	1.17	802	17.24	3367	13.51
106	/var/folders/zj/qks7f18j3cz0b50t1p0qvzbh0000gn/T//RtmpruRab6/295	DRGX	MA1481.2	YAATTA	3.20e-11	1.65e-7	1.45e-4	5161	4652	4652	24915	1.06	942	20.25	4049	16.25
107	/var/folders/zj/qks7f18j3cz0b50t1p0qvzbh0000gn/T//RtmpruRab6/258	CEBPA	MA0102.5	ATTGCACAAT	3.83e-11	1.68e-7	1.48e-4	4396	4652	4652	24915	1.04	830	17.84	3506	14.07
108	/var/folders/zj/qks7f18j3cz0b50t1p0qvzbh0000gn/T//RtmpruRab6/419	FOXP2	MA0593.2	WGTAAACAV	3.38e-11	1.74e-7	1.53e-4	5159	4652	4652	24915	1.07	955	20.53	4114	16.51
109	/var/folders/zj/qks7f18j3cz0b50t1p0qvzbh0000gn/T//RtmpruRab6/290	DMRT3	MA0610.2	TGTATCA	3.35e-11	1.89e-7	1.66e-4	5630	4652	4652	24915	1.02	1043	22.42	4548	18.25
110	/var/folders/zj/qks7f18j3cz0b50t1p0qvzbh0000gn/T//RtmpruRab6/81	RUNX2	MA0511.2	WAACCGCAA	4.81e-11	2.29e-7	2.01e-4	4754	4652	4652	24915	1.64	669	14.38	2736	10.98
111	/var/folders/zj/qks7f18j3cz0b50t1p0qvzbh0000gn/T//RtmpruRab6/260	CEBPD	MA0836.3	TTGCACAA	5.34e-11	2.71e-7	2.38e-4	5080	4652	4652	24915	1.02	955	20.53	4124	16.55
112	/var/folders/zj/qks7f18j3cz0b50t1p0qvzbh0000gn/T//RtmpruRab6/98	FOXO4	MA0848.1	GTAAACA	4.83e-11	3.18e-7	2.79e-4	6576	4652	4652	24915	1.04	1187	25.52	5274	21.17
113	/var/folders/zj/qks7f18j3cz0b50t1p0qvzbh0000gn/T//RtmpruRab6/367	EVX1	MA0887.2	TAATTA	6.43e-11	3.71e-7	3.26e-4	5769	4652	4652	24915	1.01	1067	22.94	4682	18.79
114	/var/folders/zj/qks7f18j3cz0b50t1p0qvzbh0000gn/T//RtmpruRab6/410	FOXK1	MA0852.3	GTAAACA	6.11e-11	3.75e-7	3.29e-4	6130	4652	4652	24915	1.04	1098	23.60	4835	19.41
115	/var/folders/zj/qks7f18j3cz0b50t1p0qvzbh0000gn/T//RtmpruRab6/470	HOXA4	MA1496.2	RTMATTA	6.88e-11	4.04e-7	3.55e-4	5878	4652	4652	24915	1.01	1087	23.37	4783	19.20
116	/var/folders/zj/qks7f18j3cz0b50t1p0qvzbh0000gn/T//RtmpruRab6/654	PDX1	MA0132.3	YAATTA	6.51e-11	4.11e-7	3.61e-4	6313	4652	4652	24915	1.01	1161	24.96	5151	20.67
117	/var/folders/zj/qks7f18j3cz0b50t1p0qvzbh0000gn/T//RtmpruRab6/549	MEF2C	MA0497.2	CYAAAAATAGM	1.12e-10	4.31e-7	3.79e-4	3851	4652	4652	24915	1.03	741	15.93	3097	12.43
118	/var/folders/zj/qks7f18j3cz0b50t1p0qvzbh0000gn/T//RtmpruRab6/368	EVX2	MA0888.2	TAATTA	9.62e-11	5.63e-7	4.95e-4	5854	4652	4652	24915	1.01	1083	23.28	4771	19.15
119	/var/folders/zj/qks7f18j3cz0b50t1p0qvzbh0000gn/T//RtmpruRab6/548	MEF2A	MA0052.5	CTAAAAATAG	1.92e-10	7.43e-7	6.53e-4	3876	4652	4652	24915	1.02	745	16.01	3127	12.55
120	/var/folders/zj/qks7f18j3cz0b50t1p0qvzbh0000gn/T//RtmpruRab6/529	Lhx4	MA0704.2	TAATTA	1.58e-10	7.62e-7	6.70e-4	4822	4652	4652	24915	1.01	907	19.50	3912	15.70
121	/var/folders/zj/qks7f18j3cz0b50t1p0qvzbh0000gn/T//RtmpruRab6/404	Foxf1	MA1606.2	RTAAACA	1.48e-10	8.36e-7	7.35e-4	5643	4652	4652	24915	1.05	1023	21.99	4483	17.99
122	/var/folders/zj/qks7f18j3cz0b50t1p0qvzbh0000gn/T//RtmpruRab6/32	FOXL1	MA0033.2	RTAAACA	1.41e-10	9.91e-7	8.71e-4	7052	4652	4652	24915	1.05	1247	26.81	5602	22.48
123	/var/folders/zj/qks7f18j3cz0b50t1p0qvzbh0000gn/T//RtmpruRab6/28	Foxj2	MA0614.1	RTAAACAA	1.61e-10	1.00e-6	8.83e-4	6220	4652	4652	24915	1.01	1142	24.55	5078	20.38
124	/var/folders/zj/qks7f18j3cz0b50t1p0qvzbh0000gn/T//RtmpruRab6/205	ZSCAN21	MA2336.1	AAGCACT	1.36e-10	1.09e-6	9.55e-4	7984	4652	4652	24915	1.01	1431	30.76	6534	26.23
125	/var/folders/zj/qks7f18j3cz0b50t1p0qvzbh0000gn/T//RtmpruRab6/527	LHX2	MA0700.3	CAATTA	2.90e-10	1.19e-6	1.05e-3	4119	4652	4652	24915	1.32	741	15.93	3116	12.51
126	/var/folders/zj/qks7f18j3cz0b50t1p0qvzbh0000gn/T//RtmpruRab6/365	HOXA2	MA0900.3	TAATTA	3.16e-10	1.81e-6	1.59e-3	5737	4652	4652	24915	1.02	1052	22.61	4645	18.64
127	/var/folders/zj/qks7f18j3cz0b50t1p0qvzbh0000gn/T//RtmpruRab6/507	ISL2	MA0914.2	CAMTTA	2.49e-10	1.82e-6	1.60e-3	7325	4652	4652	24915	1.01	1323	28.44	6001	24.09
128	/var/folders/zj/qks7f18j3cz0b50t1p0qvzbh0000gn/T//RtmpruRab6/255	BSX	MA0876.2	YVATTA	4.42e-10	2.55e-6	2.24e-3	5761	4652	4652	24915	1.01	1061	22.81	4698	18.86
129	/var/folders/zj/qks7f18j3cz0b50t1p0qvzbh0000gn/T//RtmpruRab6/446	GSX2	MA0893.3	SYMATTA	3.93e-10	2.67e-6	2.34e-3	6789	4652	4652	24915	1.06	1186	25.49	5321	21.36
130	/var/folders/zj/qks7f18j3cz0b50t1p0qvzbh0000gn/T//RtmpruRab6/114	ZNF24	MA1124.1	CATTCATTCATTC	1.17e-9	2.77e-6	2.44e-3	2369	4652	4652	24915	1.07	477	10.25	1887	7.57
131	/var/folders/zj/qks7f18j3cz0b50t1p0qvzbh0000gn/T//RtmpruRab6/623	Nr2e3	MA0164.2	AAGCTT	9.49e-10	3.46e-6	3.04e-3	3652	4652	4652	24915	2.48	684	14.70	2865	11.50
132	/var/folders/zj/qks7f18j3cz0b50t1p0qvzbh0000gn/T//RtmpruRab6/584	NFATC4	MA1525.3	AYGGAAAMW	5.26e-10	3.50e-6	3.07e-3	6656	4652	4652	24915	1.28	1091	23.45	4852	19.47
133	/var/folders/zj/qks7f18j3cz0b50t1p0qvzbh0000gn/T//RtmpruRab6/665	POU4F1	MA0790.2	TGMATAATTAAT	1.26e-9	4.25e-6	3.74e-3	3378	4652	4652	24915	1.04	651	13.99	2712	10.89
134	/var/folders/zj/qks7f18j3cz0b50t1p0qvzbh0000gn/T//RtmpruRab6/753	Stat6	MA0520.2	TTCCWSAGAA	1.25e-9	5.13e-6	4.51e-3	4103	4652	4652	24915	1.06	764	16.42	3258	13.08
135	/var/folders/zj/qks7f18j3cz0b50t1p0qvzbh0000gn/T//RtmpruRab6/667	POU4F3	MA0791.2	TGMATWATTAAT	1.79e-9	5.55e-6	4.88e-3	3090	4652	4652	24915	1.07	591	12.70	2432	9.76
136	/var/folders/zj/qks7f18j3cz0b50t1p0qvzbh0000gn/T//RtmpruRab6/497	HOXD9	MA0913.3	GYMATAAAA	1.78e-9	6.12e-6	5.38e-3	3430	4652	4652	24915	1.02	661	14.21	2767	11.11
137	/var/folders/zj/qks7f18j3cz0b50t1p0qvzbh0000gn/T//RtmpruRab6/798	VAX1	MA0722.2	YTAATTA	1.20e-9	7.66e-6	6.73e-3	6386	4652	4652	24915	1.01	1160	24.94	5219	20.95
138	/var/folders/zj/qks7f18j3cz0b50t1p0qvzbh0000gn/T//RtmpruRab6/631	NR4A2	MA0160.3	AAAGGTCA	1.51e-9	7.77e-6	6.83e-3	5141	4652	4652	24915	1.02	950	20.42	4176	16.76
139	/var/folders/zj/qks7f18j3cz0b50t1p0qvzbh0000gn/T//RtmpruRab6/196	PGR	MA2327.1	ACANNNTGT	2.12e-9	8.21e-6	7.21e-3	3873	4652	4652	24915	2.12	692	14.88	2920	11.72
140	/var/folders/zj/qks7f18j3cz0b50t1p0qvzbh0000gn/T//RtmpruRab6/329	EMX2	MA0886.2	TAATTA	2.69e-9	1.21e-5	1.07e-2	4506	4652	4652	24915	1.05	815	17.52	3524	14.14
141	/var/folders/zj/qks7f18j3cz0b50t1p0qvzbh0000gn/T//RtmpruRab6/96	FOXB1	MA0845.1	WATGTAAATAT	4.89e-9	2.07e-5	1.82e-2	4240	4652	4652	24915	1.1	763	16.40	3283	13.18
142	/var/folders/zj/qks7f18j3cz0b50t1p0qvzbh0000gn/T//RtmpruRab6/149	ZNF766	MA2098.1	AAKAAACCT	3.88e-9	2.08e-5	1.83e-2	5361	4652	4652	24915	1.02	985	21.17	4373	17.55
143	/var/folders/zj/qks7f18j3cz0b50t1p0qvzbh0000gn/T//RtmpruRab6/411	FOXK2	MA1103.3	GTAAACA	4.62e-9	2.66e-5	2.33e-2	5754	4652	4652	24915	1.01	1050	22.57	4702	18.87
144	/var/folders/zj/qks7f18j3cz0b50t1p0qvzbh0000gn/T//RtmpruRab6/851	ZNF384	MA1125.2	AAAAAAAA	5.39e-9	2.79e-5	2.45e-2	5175	4652	4652	24915	1.22	923	19.84	4073	16.35
145	/var/folders/zj/qks7f18j3cz0b50t1p0qvzbh0000gn/T//RtmpruRab6/328	EMX1	MA0612.3	TAATTA	8.70e-9	4.05e-5	3.56e-2	4652	4652	4652	24915	1.01	858	18.44	3763	15.10
146	/var/folders/zj/qks7f18j3cz0b50t1p0qvzbh0000gn/T//RtmpruRab6/418	FOXP1	MA0481.4	GTAAACA	7.65e-9	4.24e-5	3.73e-2	5543	4652	4652	24915	1.01	1013	21.78	4530	18.18
147	/var/folders/zj/qks7f18j3cz0b50t1p0qvzbh0000gn/T//RtmpruRab6/153	ZNF677	MA2101.1	RATAAGAACAGC	1.31e-8	7.06e-5	6.20e-2	5404	4652	4652	24915	1.04	986	21.20	4409	17.70
148	/var/folders/zj/qks7f18j3cz0b50t1p0qvzbh0000gn/T//RtmpruRab6/398	FOXA3	MA1683.2	GTAAACA	1.41e-8	7.56e-5	6.65e-2	5368	4652	4652	24915	1.01	981	21.09	4386	17.60
149	/var/folders/zj/qks7f18j3cz0b50t1p0qvzbh0000gn/T//RtmpruRab6/806	Yy1	MA0095.4	CAAAATGG	1.30e-8	7.61e-5	6.69e-2	5859	4652	4652	24915	1.06	1030	22.14	4629	18.58
150	/var/folders/zj/qks7f18j3cz0b50t1p0qvzbh0000gn/T//RtmpruRab6/552	MEIS2	MA1640.2	TGATTTATG	2.62e-8	1.02e-4	8.93e-2	3881	4652	4652	24915	1.02	728	15.65	3150	12.64
151	/var/folders/zj/qks7f18j3cz0b50t1p0qvzbh0000gn/T//RtmpruRab6/220	Arid5a	MA0602.2	YAATATTG	4.12e-8	1.07e-4	9.40e-2	2594	4652	4652	24915	1.01	504	10.83	2078	8.34
152	/var/folders/zj/qks7f18j3cz0b50t1p0qvzbh0000gn/T//RtmpruRab6/134	ZBTB32	MA1580.1	TGTACAGTAW	1.03e-7	1.69e-4	1.49e-1	1651	4652	4652	24915	1.03	336	7.22	1307	5.25
153	/var/folders/zj/qks7f18j3cz0b50t1p0qvzbh0000gn/T//RtmpruRab6/397	FOXA2	MA0047.4	WGTAAACA	4.15e-8	2.10e-4	1.85e-1	5053	4652	4652	24915	1.02	917	19.71	4095	16.44
154	/var/folders/zj/qks7f18j3cz0b50t1p0qvzbh0000gn/T//RtmpruRab6/449	HAND2	MA1638.2	CAGATG	2.75e-8	2.14e-4	1.88e-1	7779	4652	4652	24915	2.32	1336	28.72	6200	24.88
155	/var/folders/zj/qks7f18j3cz0b50t1p0qvzbh0000gn/T//RtmpruRab6/120	TCF7L1	MA1421.1	AAAGATCAAAGG	8.61e-8	2.18e-4	1.92e-1	2536	4652	4652	24915	1.05	493	10.60	2040	8.19
156	/var/folders/zj/qks7f18j3cz0b50t1p0qvzbh0000gn/T//RtmpruRab6/99	FOXO6	MA0849.1	GTAAACA	4.85e-8	2.46e-4	2.16e-1	5076	4652	4652	24915	1.04	921	19.80	4119	16.53
157	/var/folders/zj/qks7f18j3cz0b50t1p0qvzbh0000gn/T//RtmpruRab6/749	Stat4	MA0518.2	TTCYRGGAAR	4.15e-8	2.90e-4	2.55e-1	6982	4652	4652	24915	1.02	1243	26.72	5738	23.03
158	/var/folders/zj/qks7f18j3cz0b50t1p0qvzbh0000gn/T//RtmpruRab6/506	Isl1	MA1608.2	CCATTAG	9.50e-8	3.53e-4	3.10e-1	3716	4652	4652	24915	1.02	691	14.85	2999	12.04
159	/var/folders/zj/qks7f18j3cz0b50t1p0qvzbh0000gn/T//RtmpruRab6/331	EN2	MA0642.3	SYAATTA	7.00e-8	3.80e-4	3.34e-1	5428	4652	4652	24915	1.01	984	21.15	4444	17.84
160	/var/folders/zj/qks7f18j3cz0b50t1p0qvzbh0000gn/T//RtmpruRab6/40	MYF6	MA0667.1	AACARCTGTT	1.46e-7	4.11e-4	3.61e-1	2817	4652	4652	24915	1.3	482	10.36	1998	8.02
161	/var/folders/zj/qks7f18j3cz0b50t1p0qvzbh0000gn/T//RtmpruRab6/202	ZNF35	MA2333.1	AATTCTA	1.20e-7	4.38e-4	3.85e-1	3636	4652	4652	24915	1.01	678	14.57	2941	11.80
162	/var/folders/zj/qks7f18j3cz0b50t1p0qvzbh0000gn/T//RtmpruRab6/461	Hmx2	MA0897.2	AAGCAATTAAHVVRT	2.20e-7	4.84e-4	4.25e-1	2196	4652	4652	24915	1.06	427	9.18	1745	7.00
163	/var/folders/zj/qks7f18j3cz0b50t1p0qvzbh0000gn/T//RtmpruRab6/684	Ptf1A	MA1618.2	ACAGATGTT	5.93e-8	5.16e-4	4.54e-1	8712	4652	4652	24915	1.26	1347	28.96	6280	25.21
164	/var/folders/zj/qks7f18j3cz0b50t1p0qvzbh0000gn/T//RtmpruRab6/563	MNX1	MA0707.3	YRATTA	9.45e-8	5.49e-4	4.82e-1	5808	4652	4652	24915	1.01	1043	22.42	4749	19.06
165	/var/folders/zj/qks7f18j3cz0b50t1p0qvzbh0000gn/T//RtmpruRab6/257	CDX4	MA1473.2	GYMATAAAA	2.52e-7	6.34e-4	5.57e-1	2513	4652	4652	24915	1.04	482	10.36	2009	8.06
166	/var/folders/zj/qks7f18j3cz0b50t1p0qvzbh0000gn/T//RtmpruRab6/480	HOXB7	MA1501.2	GTAATTA	1.51e-7	6.65e-4	5.84e-1	4401	4652	4652	24915	1.02	805	17.30	3572	14.34
167	/var/folders/zj/qks7f18j3cz0b50t1p0qvzbh0000gn/T//RtmpruRab6/748	STAT3	MA0144.3	TTCYKGGAA	8.38e-8	6.73e-4	5.91e-1	8032	4652	4652	24915	1.08	1379	29.64	6455	25.91
168	/var/folders/zj/qks7f18j3cz0b50t1p0qvzbh0000gn/T//RtmpruRab6/610	NOTO	MA0710.2	YTAATTA	1.15e-7	7.23e-4	6.36e-1	6282	4652	4652	24915	1.01	1123	24.14	5159	20.71
169	/var/folders/zj/qks7f18j3cz0b50t1p0qvzbh0000gn/T//RtmpruRab6/406	FOXH1	MA0479.2	AATCCACA	2.11e-7	7.68e-4	6.75e-1	3645	4652	4652	24915	1.07	671	14.42	2920	11.72
170	/var/folders/zj/qks7f18j3cz0b50t1p0qvzbh0000gn/T//RtmpruRab6/532	Lhx8	MA0705.2	TAATTA	1.69e-7	1.01e-3	8.85e-1	5975	4652	4652	24915	1.01	1068	22.96	4892	19.63
171	/var/folders/zj/qks7f18j3cz0b50t1p0qvzbh0000gn/T//RtmpruRab6/400	FOXD1	MA0031.2	GTAAACA	2.32e-7	1.22e-3	1.07e0	5263	4652	4652	24915	1.01	951	20.44	4312	17.31
172	/var/folders/zj/qks7f18j3cz0b50t1p0qvzbh0000gn/T//RtmpruRab6/652	PBX2	MA1113.3	CATAAATCA	3.18e-7	1.26e-3	1.11e0	3968	4652	4652	24915	1.02	733	15.76	3235	12.98
173	/var/folders/zj/qks7f18j3cz0b50t1p0qvzbh0000gn/T//RtmpruRab6/234	Atoh1	MA1467.3	CAGATGG	1.76e-7	1.27e-3	1.11e0	7193	4652	4652	24915	1.03	1258	27.04	5859	23.52
174	/var/folders/zj/qks7f18j3cz0b50t1p0qvzbh0000gn/T//RtmpruRab6/42	Nr2e1	MA0676.1	AAAAGTCAA	1.81e-7	1.28e-3	1.12e0	7051	4652	4652	24915	1.09	1190	25.58	5513	22.13
175	/var/folders/zj/qks7f18j3cz0b50t1p0qvzbh0000gn/T//RtmpruRab6/169	Hmga1	MA2124.1	ATTTTTAW	4.06e-7	1.29e-3	1.14e0	3183	4652	4652	24915	2.04	422	9.07	1733	6.96
176	/var/folders/zj/qks7f18j3cz0b50t1p0qvzbh0000gn/T//RtmpruRab6/837	ZNF211	MA1974.2	YATATACCAY	1.17e-6	1.32e-3	1.16e0	1130	4652	4652	24915	1.11	226	4.86	843	3.38
177	/var/folders/zj/qks7f18j3cz0b50t1p0qvzbh0000gn/T//RtmpruRab6/750	Stat5a	MA1624.2	TTCCAAGAA	1.72e-7	1.32e-3	1.16e0	7674	4652	4652	24915	1.04	1340	28.80	6278	25.20
178	/var/folders/zj/qks7f18j3cz0b50t1p0qvzbh0000gn/T//RtmpruRab6/462	Hmx3	MA0898.2	AGCAATTAA	6.27e-7	1.61e-3	1.42e0	2571	4652	4652	24915	1.04	486	10.45	2047	8.22
179	/var/folders/zj/qks7f18j3cz0b50t1p0qvzbh0000gn/T//RtmpruRab6/668	POU5F1	MA1115.2	ATGCAAA	2.39e-7	1.69e-3	1.49e0	7079	4652	4652	24915	1.02	1243	26.72	5792	23.25
180	/var/folders/zj/qks7f18j3cz0b50t1p0qvzbh0000gn/T//RtmpruRab6/31	FOXI1	MA0042.2	GTAAACA	4.20e-7	2.09e-3	1.84e0	4982	4652	4652	24915	1.03	895	19.24	4048	16.25
181	/var/folders/zj/qks7f18j3cz0b50t1p0qvzbh0000gn/T//RtmpruRab6/396	FOXA1	MA0148.5	GTAAACAT	6.42e-7	2.94e-3	2.58e0	4585	4652	4652	24915	1.01	833	17.91	3750	15.05
182	/var/folders/zj/qks7f18j3cz0b50t1p0qvzbh0000gn/T//RtmpruRab6/751	Stat5a::Stat5b	MA0519.2	TTCCMAGAA	5.12e-7	3.72e-3	3.27e0	7281	4652	4652	24915	1.02	1279	27.49	6001	24.09
183	/var/folders/zj/qks7f18j3cz0b50t1p0qvzbh0000gn/T//RtmpruRab6/793	TWIST1	MA1123.3	CCAGATGT	4.82e-7	4.01e-3	3.52e0	8329	4652	4652	24915	1.08	1388	29.84	6559	26.33
184	/var/folders/zj/qks7f18j3cz0b50t1p0qvzbh0000gn/T//RtmpruRab6/590	NFIL3	MA0025.3	TTATGYAAT	1.05e-6	4.10e-3	3.60e0	3900	4652	4652	24915	1.02	716	15.39	3182	12.77
185	/var/folders/zj/qks7f18j3cz0b50t1p0qvzbh0000gn/T//RtmpruRab6/460	Hmx1	MA0896.2	AGCAATTAA	1.68e-6	4.31e-3	3.79e0	2567	4652	4652	24915	1.27	410	8.81	1704	6.84
186	/var/folders/zj/qks7f18j3cz0b50t1p0qvzbh0000gn/T//RtmpruRab6/112	Sox1	MA0870.1	AACAATANCATTGTT	1.38e-5	4.39e-3	3.86e0	318	4652	4652	24915	1.82	69	1.48	198	0.79
187	/var/folders/zj/qks7f18j3cz0b50t1p0qvzbh0000gn/T//RtmpruRab6/27	FOXG1	MA0613.1	RTAAACAW	1.62e-6	4.78e-3	4.20e0	2960	4652	4652	24915	1.58	555	11.93	2402	9.64
188	/var/folders/zj/qks7f18j3cz0b50t1p0qvzbh0000gn/T//RtmpruRab6/466	HNF4A	MA0114.5	CAAAGTCCA	9.71e-7	4.84e-3	4.25e0	4995	4652	4652	24915	1.04	888	19.09	4037	16.20
189	/var/folders/zj/qks7f18j3cz0b50t1p0qvzbh0000gn/T//RtmpruRab6/676	PRDM1	MA0508.4	CTTTCTC	7.07e-7	5.05e-3	4.44e0	7168	4652	4652	24915	6.44	667	14.34	2930	11.76
190	/var/folders/zj/qks7f18j3cz0b50t1p0qvzbh0000gn/T//RtmpruRab6/619	NR1I3	MA1534.2	TGAACTTT	9.30e-7	5.27e-3	4.64e0	5688	4652	4652	24915	1.06	986	21.20	4529	18.18
191	/var/folders/zj/qks7f18j3cz0b50t1p0qvzbh0000gn/T//RtmpruRab6/555	MEOX2	MA0706.2	STAATTA	8.33e-7	5.43e-3	4.77e0	6537	4652	4652	24915	1.01	1154	24.81	5378	21.59
192	/var/folders/zj/qks7f18j3cz0b50t1p0qvzbh0000gn/T//RtmpruRab6/158	POU2F1::SOX2	MA1962.1	MATTTRCATMACAATRG	6.87e-6	6.04e-3	5.31e0	881	4652	4652	24915	1.36	174	3.74	635	2.55
193	/var/folders/zj/qks7f18j3cz0b50t1p0qvzbh0000gn/T//RtmpruRab6/670	POU6F1	MA1549.2	TAATGAG	1.35e-6	6.82e-3	5.99e0	5075	4652	4652	24915	1.16	821	17.65	3711	14.89
194	/var/folders/zj/qks7f18j3cz0b50t1p0qvzbh0000gn/T//RtmpruRab6/669	POU6F1	MA0628.2	TAATTA	2.40e-6	7.56e-3	6.65e0	3157	4652	4652	24915	2.17	482	10.36	2057	8.26
195	/var/folders/zj/qks7f18j3cz0b50t1p0qvzbh0000gn/T//RtmpruRab6/586	NFIA	MA0670.2	TGCCAA	1.05e-6	9.07e-3	7.97e0	8639	4652	4652	24915	1.83	1493	32.09	7129	28.61
196	/var/folders/zj/qks7f18j3cz0b50t1p0qvzbh0000gn/T//RtmpruRab6/123	FOXN3	MA1489.1	GTAAACAA	5.40e-6	9.17e-3	8.06e0	1705	4652	4652	24915	1.02	333	7.16	1362	5.47
197	/var/folders/zj/qks7f18j3cz0b50t1p0qvzbh0000gn/T//RtmpruRab6/483	HOXC10	MA0905.2	GTCRTAAAA	3.70e-6	1.00e-2	8.81e0	2725	4652	4652	24915	1.05	500	10.75	2154	8.65

# AME (Analysis of Motif Enrichment): Version 5.5.8 compiled on May 19 2025 at 00:33:44
# The format of this file is described at https://meme-suite.org/meme/doc/ame-output-format.html.
# ame --control /var/folders/zj/qks7f18j3cz0b50t1p0qvzbh0000gn/T//RtmpruRab6/filedaa7bde3339.fa --oc ame_diff --method fisher /var/folders/zj/qks7f18j3cz0b50t1p0qvzbh0000gn/T//RtmpruRab6/filedaa4deed8d7.fa /var/folders/zj/qks7f18j3cz0b50t1p0qvzbh0000gn/T//RtmpruRab6/1 /var/folders/zj/qks7f18j3cz0b50t1p0qvzbh0000gn/T//RtmpruRab6/2 /var/folders/zj/qks7f18j3cz0b50t1p0qvzbh0000gn/T//RtmpruRab6/3 /var/folders/zj/qks7f18j3cz0b50t1p0qvzbh0000gn/T//RtmpruRab6/4 /var/folders/zj/qks7f18j3cz0b50t1p0qvzbh0000gn/T//RtmpruRab6/5 /var/folders/zj/qks7f18j3cz0b50t1p0qvzbh0000gn/T//RtmpruRab6/6 /var/folders/zj/qks7f18j3cz0b50t1p0qvzbh0000gn/T//RtmpruRab6/7 /var/folders/zj/qks7f18j3cz0b50t1p0qvzbh0000gn/T//RtmpruRab6/8 /var/folders/zj/qks7f18j3cz0b50t1p0qvzbh0000gn/T//RtmpruRab6/9 /var/folders/zj/qks7f18j3cz0b50t1p0qvzbh0000gn/T//RtmpruRab6/10 /var/folders/zj/qks7f18j3cz0b50t1p0qvzbh0000gn/T//RtmpruRab6/11 /var/folders/zj/qks7f18j3cz0b50t1p0qvzbh0000gn/T//RtmpruRab6/12 /var/folders/zj/qks7f18j3cz0b50t1p0qvzbh0000gn/T//RtmpruRab6/13 /var/folders/zj/qks7f18j3cz0b50t1p0qvzbh0000gn/T//RtmpruRab6/14 /var/folders/zj/qks7f18j3cz0b50t1p0qvzbh0000gn/T//RtmpruRab6/15 /var/folders/zj/qks7f18j3cz0b50t1p0qvzbh0000gn/T//RtmpruRab6/16 /var/folders/zj/qks7f18j3cz0b50t1p0qvzbh0000gn/T//RtmpruRab6/17 /var/folders/zj/qks7f18j3cz0b50t1p0qvzbh0000gn/T//RtmpruRab6/18 /var/folders/zj/qks7f18j3cz0b50t1p0qvzbh0000gn/T//RtmpruRab6/19 /var/folders/zj/qks7f18j3cz0b50t1p0qvzbh0000gn/T//RtmpruRab6/20 /var/folders/zj/qks7f18j3cz0b50t1p0qvzbh0000gn/T//RtmpruRab6/21 /var/folders/zj/qks7f18j3cz0b50t1p0qvzbh0000gn/T//RtmpruRab6/22 /var/folders/zj/qks7f18j3cz0b50t1p0qvzbh0000gn/T//RtmpruRab6/23 /var/folders/zj/qks7f18j3cz0b50t1p0qvzbh0000gn/T//RtmpruRab6/24 /var/folders/zj/qks7f18j3cz0b50t1p0qvzbh0000gn/T//RtmpruRab6/25 /var/folders/zj/qks7f18j3cz0b50t1p0qvzbh0000gn/T//RtmpruRab6/26 /var/folders/zj/qks7f18j3cz0b50t1p0qvzbh0000gn/T//RtmpruRab6/27 /var/folders/zj/qks7f18j3cz0b50t1p0qvzbh0000gn/T//RtmpruRab6/28 /var/folders/zj/qks7f18j3cz0b50t1p0qvzbh0000gn/T//RtmpruRab6/29 /var/folders/zj/qks7f18j3cz0b50t1p0qvzbh0000gn/T//RtmpruRab6/30 /var/folders/zj/qks7f18j3cz0b50t1p0qvzbh0000gn/T//RtmpruRab6/31 /var/folders/zj/qks7f18j3cz0b50t1p0qvzbh0000gn/T//RtmpruRab6/32 /var/folders/zj/qks7f18j3cz0b50t1p0qvzbh0000gn/T//RtmpruRab6/33 /var/folders/zj/qks7f18j3cz0b50t1p0qvzbh0000gn/T//RtmpruRab6/34 /var/folders/zj/qks7f18j3cz0b50t1p0qvzbh0000gn/T//RtmpruRab6/35 /var/folders/zj/qks7f18j3cz0b50t1p0qvzbh0000gn/T//RtmpruRab6/36 /var/folders/zj/qks7f18j3cz0b50t1p0qvzbh0000gn/T//RtmpruRab6/37 /var/folders/zj/qks7f18j3cz0b50t1p0qvzbh0000gn/T//RtmpruRab6/38 /var/folders/zj/qks7f18j3cz0b50t1p0qvzbh0000gn/T//RtmpruRab6/39 /var/folders/zj/qks7f18j3cz0b50t1p0qvzbh0000gn/T//RtmpruRab6/40 /var/folders/zj/qks7f18j3cz0b50t1p0qvzbh0000gn/T//RtmpruRab6/41 /var/folders/zj/qks7f18j3cz0b50t1p0qvzbh0000gn/T//RtmpruRab6/42 /var/folders/zj/qks7f18j3cz0b50t1p0qvzbh0000gn/T//RtmpruRab6/43 /var/folders/zj/qks7f18j3cz0b50t1p0qvzbh0000gn/T//RtmpruRab6/44 /var/folders/zj/qks7f18j3cz0b50t1p0qvzbh0000gn/T//RtmpruRab6/45 /var/folders/zj/qks7f18j3cz0b50t1p0qvzbh0000gn/T//RtmpruRab6/46 /var/folders/zj/qks7f18j3cz0b50t1p0qvzbh0000gn/T//RtmpruRab6/47 /var/folders/zj/qks7f18j3cz0b50t1p0qvzbh0000gn/T//RtmpruRab6/48 /var/folders/zj/qks7f18j3cz0b50t1p0qvzbh0000gn/T//RtmpruRab6/49 /var/folders/zj/qks7f18j3cz0b50t1p0qvzbh0000gn/T//RtmpruRab6/50 /var/folders/zj/qks7f18j3cz0b50t1p0qvzbh0000gn/T//RtmpruRab6/51 /var/folders/zj/qks7f18j3cz0b50t1p0qvzbh0000gn/T//RtmpruRab6/52 /var/folders/zj/qks7f18j3cz0b50t1p0qvzbh0000gn/T//RtmpruRab6/53 /var/folders/zj/qks7f18j3cz0b50t1p0qvzbh0000gn/T//RtmpruRab6/54 /var/folders/zj/qks7f18j3cz0b50t1p0qvzbh0000gn/T//RtmpruRab6/55 /var/folders/zj/qks7f18j3cz0b50t1p0qvzbh0000gn/T//RtmpruRab6/56 /var/folders/zj/qks7f18j3cz0b50t1p0qvzbh0000gn/T//RtmpruRab6/57 /var/folders/zj/qks7f18j3cz0b50t1p0qvzbh0000gn/T//RtmpruRab6/58 /var/folders/zj/qks7f18j3cz0b50t1p0qvzbh0000gn/T//RtmpruRab6/59 /var/folders/zj/qks7f18j3cz0b50t1p0qvzbh0000gn/T//RtmpruRab6/60 /var/folders/zj/qks7f18j3cz0b50t1p0qvzbh0000gn/T//RtmpruRab6/61 /var/folders/zj/qks7f18j3cz0b50t1p0qvzbh0000gn/T//RtmpruRab6/62 /var/folders/zj/qks7f18j3cz0b50t1p0qvzbh0000gn/T//RtmpruRab6/63 /var/folders/zj/qks7f18j3cz0b50t1p0qvzbh0000gn/T//RtmpruRab6/64 /var/folders/zj/qks7f18j3cz0b50t1p0qvzbh0000gn/T//RtmpruRab6/65 /var/folders/zj/qks7f18j3cz0b50t1p0qvzbh0000gn/T//RtmpruRab6/66 /var/folders/zj/qks7f18j3cz0b50t1p0qvzbh0000gn/T//RtmpruRab6/67 /var/folders/zj/qks7f18j3cz0b50t1p0qvzbh0000gn/T//RtmpruRab6/68 /var/folders/zj/qks7f18j3cz0b50t1p0qvzbh0000gn/T//RtmpruRab6/69 /var/folders/zj/qks7f18j3cz0b50t1p0qvzbh0000gn/T//RtmpruRab6/70 /var/folders/zj/qks7f18j3cz0b50t1p0qvzbh0000gn/T//RtmpruRab6/71 /var/folders/zj/qks7f18j3cz0b50t1p0qvzbh0000gn/T//RtmpruRab6/72 /var/folders/zj/qks7f18j3cz0b50t1p0qvzbh0000gn/T//RtmpruRab6/73 /var/folders/zj/qks7f18j3cz0b50t1p0qvzbh0000gn/T//RtmpruRab6/74 /var/folders/zj/qks7f18j3cz0b50t1p0qvzbh0000gn/T//RtmpruRab6/75 /var/folders/zj/qks7f18j3cz0b50t1p0qvzbh0000gn/T//RtmpruRab6/76 /var/folders/zj/qks7f18j3cz0b50t1p0qvzbh0000gn/T//RtmpruRab6/77 /var/folders/zj/qks7f18j3cz0b50t1p0qvzbh0000gn/T//RtmpruRab6/78 /var/folders/zj/qks7f18j3cz0b50t1p0qvzbh0000gn/T//RtmpruRab6/79 /var/folders/zj/qks7f18j3cz0b50t1p0qvzbh0000gn/T//RtmpruRab6/80 /var/folders/zj/qks7f18j3cz0b50t1p0qvzbh0000gn/T//RtmpruRab6/81 /var/folders/zj/qks7f18j3cz0b50t1p0qvzbh0000gn/T//RtmpruRab6/82 /var/folders/zj/qks7f18j3cz0b50t1p0qvzbh0000gn/T//RtmpruRab6/83 /var/folders/zj/qks7f18j3cz0b50t1p0qvzbh0000gn/T//RtmpruRab6/84 /var/folders/zj/qks7f18j3cz0b50t1p0qvzbh0000gn/T//RtmpruRab6/85 /var/folders/zj/qks7f18j3cz0b50t1p0qvzbh0000gn/T//RtmpruRab6/86 /var/folders/zj/qks7f18j3cz0b50t1p0qvzbh0000gn/T//RtmpruRab6/87 /var/folders/zj/qks7f18j3cz0b50t1p0qvzbh0000gn/T//RtmpruRab6/88 /var/folders/zj/qks7f18j3cz0b50t1p0qvzbh0000gn/T//RtmpruRab6/89 /var/folders/zj/qks7f18j3cz0b50t1p0qvzbh0000gn/T//RtmpruRab6/90 /var/folders/zj/qks7f18j3cz0b50t1p0qvzbh0000gn/T//RtmpruRab6/91 /var/folders/zj/qks7f18j3cz0b50t1p0qvzbh0000gn/T//RtmpruRab6/92 /var/folders/zj/qks7f18j3cz0b50t1p0qvzbh0000gn/T//RtmpruRab6/93 /var/folders/zj/qks7f18j3cz0b50t1p0qvzbh0000gn/T//RtmpruRab6/94 /var/folders/zj/qks7f18j3cz0b50t1p0qvzbh0000gn/T//RtmpruRab6/95 /var/folders/zj/qks7f18j3cz0b50t1p0qvzbh0000gn/T//RtmpruRab6/96 /var/folders/zj/qks7f18j3cz0b50t1p0qvzbh0000gn/T//RtmpruRab6/97 /var/folders/zj/qks7f18j3cz0b50t1p0qvzbh0000gn/T//RtmpruRab6/98 /var/folders/zj/qks7f18j3cz0b50t1p0qvzbh0000gn/T//RtmpruRab6/99 /var/folders/zj/qks7f18j3cz0b50t1p0qvzbh0000gn/T//RtmpruRab6/100 /var/folders/zj/qks7f18j3cz0b50t1p0qvzbh0000gn/T//RtmpruRab6/101 /var/folders/zj/qks7f18j3cz0b50t1p0qvzbh0000gn/T//RtmpruRab6/102 /var/folders/zj/qks7f18j3cz0b50t1p0qvzbh0000gn/T//RtmpruRab6/103 /var/folders/zj/qks7f18j3cz0b50t1p0qvzbh0000gn/T//RtmpruRab6/104 /var/folders/zj/qks7f18j3cz0b50t1p0qvzbh0000gn/T//RtmpruRab6/105 /var/folders/zj/qks7f18j3cz0b50t1p0qvzbh0000gn/T//RtmpruRab6/106 /var/folders/zj/qks7f18j3cz0b50t1p0qvzbh0000gn/T//RtmpruRab6/107 /var/folders/zj/qks7f18j3cz0b50t1p0qvzbh0000gn/T//RtmpruRab6/108 /var/folders/zj/qks7f18j3cz0b50t1p0qvzbh0000gn/T//RtmpruRab6/109 /var/folders/zj/qks7f18j3cz0b50t1p0qvzbh0000gn/T//RtmpruRab6/110 /var/folders/zj/qks7f18j3cz0b50t1p0qvzbh0000gn/T//RtmpruRab6/111 /var/folders/zj/qks7f18j3cz0b50t1p0qvzbh0000gn/T//RtmpruRab6/112 /var/folders/zj/qks7f18j3cz0b50t1p0qvzbh0000gn/T//RtmpruRab6/113 /var/folders/zj/qks7f18j3cz0b50t1p0qvzbh0000gn/T//RtmpruRab6/114 /var/folders/zj/qks7f18j3cz0b50t1p0qvzbh0000gn/T//RtmpruRab6/115 /var/folders/zj/qks7f18j3cz0b50t1p0qvzbh0000gn/T//RtmpruRab6/116 /var/folders/zj/qks7f18j3cz0b50t1p0qvzbh0000gn/T//RtmpruRab6/117 /var/folders/zj/qks7f18j3cz0b50t1p0qvzbh0000gn/T//RtmpruRab6/118 /var/folders/zj/qks7f18j3cz0b50t1p0qvzbh0000gn/T//RtmpruRab6/119 /var/folders/zj/qks7f18j3cz0b50t1p0qvzbh0000gn/T//RtmpruRab6/120 /var/folders/zj/qks7f18j3cz0b50t1p0qvzbh0000gn/T//RtmpruRab6/121 /var/folders/zj/qks7f18j3cz0b50t1p0qvzbh0000gn/T//RtmpruRab6/122 /var/folders/zj/qks7f18j3cz0b50t1p0qvzbh0000gn/T//RtmpruRab6/123 /var/folders/zj/qks7f18j3cz0b50t1p0qvzbh0000gn/T//RtmpruRab6/124 /var/folders/zj/qks7f18j3cz0b50t1p0qvzbh0000gn/T//RtmpruRab6/125 /var/folders/zj/qks7f18j3cz0b50t1p0qvzbh0000gn/T//RtmpruRab6/126 /var/folders/zj/qks7f18j3cz0b50t1p0qvzbh0000gn/T//RtmpruRab6/127 /var/folders/zj/qks7f18j3cz0b50t1p0qvzbh0000gn/T//RtmpruRab6/128 /var/folders/zj/qks7f18j3cz0b50t1p0qvzbh0000gn/T//RtmpruRab6/129 /var/folders/zj/qks7f18j3cz0b50t1p0qvzbh0000gn/T//RtmpruRab6/130 /var/folders/zj/qks7f18j3cz0b50t1p0qvzbh0000gn/T//RtmpruRab6/131 /var/folders/zj/qks7f18j3cz0b50t1p0qvzbh0000gn/T//RtmpruRab6/132 /var/folders/zj/qks7f18j3cz0b50t1p0qvzbh0000gn/T//RtmpruRab6/133 /var/folders/zj/qks7f18j3cz0b50t1p0qvzbh0000gn/T//RtmpruRab6/134 /var/folders/zj/qks7f18j3cz0b50t1p0qvzbh0000gn/T//RtmpruRab6/135 /var/folders/zj/qks7f18j3cz0b50t1p0qvzbh0000gn/T//RtmpruRab6/136 /var/folders/zj/qks7f18j3cz0b50t1p0qvzbh0000gn/T//RtmpruRab6/137 /var/folders/zj/qks7f18j3cz0b50t1p0qvzbh0000gn/T//RtmpruRab6/138 /var/folders/zj/qks7f18j3cz0b50t1p0qvzbh0000gn/T//RtmpruRab6/139 /var/folders/zj/qks7f18j3cz0b50t1p0qvzbh0000gn/T//RtmpruRab6/140 /var/folders/zj/qks7f18j3cz0b50t1p0qvzbh0000gn/T//RtmpruRab6/141 /var/folders/zj/qks7f18j3cz0b50t1p0qvzbh0000gn/T//RtmpruRab6/142 /var/folders/zj/qks7f18j3cz0b50t1p0qvzbh0000gn/T//RtmpruRab6/143 /var/folders/zj/qks7f18j3cz0b50t1p0qvzbh0000gn/T//RtmpruRab6/144 /var/folders/zj/qks7f18j3cz0b50t1p0qvzbh0000gn/T//RtmpruRab6/145 /var/folders/zj/qks7f18j3cz0b50t1p0qvzbh0000gn/T//RtmpruRab6/146 /var/folders/zj/qks7f18j3cz0b50t1p0qvzbh0000gn/T//RtmpruRab6/147 /var/folders/zj/qks7f18j3cz0b50t1p0qvzbh0000gn/T//RtmpruRab6/148 /var/folders/zj/qks7f18j3cz0b50t1p0qvzbh0000gn/T//RtmpruRab6/149 /var/folders/zj/qks7f18j3cz0b50t1p0qvzbh0000gn/T//RtmpruRab6/150 /var/folders/zj/qks7f18j3cz0b50t1p0qvzbh0000gn/T//RtmpruRab6/151 /var/folders/zj/qks7f18j3cz0b50t1p0qvzbh0000gn/T//RtmpruRab6/152 /var/folders/zj/qks7f18j3cz0b50t1p0qvzbh0000gn/T//RtmpruRab6/153 /var/folders/zj/qks7f18j3cz0b50t1p0qvzbh0000gn/T//RtmpruRab6/154 /var/folders/zj/qks7f18j3cz0b50t1p0qvzbh0000gn/T//RtmpruRab6/155 /var/folders/zj/qks7f18j3cz0b50t1p0qvzbh0000gn/T//RtmpruRab6/156 /var/folders/zj/qks7f18j3cz0b50t1p0qvzbh0000gn/T//RtmpruRab6/157 /var/folders/zj/qks7f18j3cz0b50t1p0qvzbh0000gn/T//RtmpruRab6/158 /var/folders/zj/qks7f18j3cz0b50t1p0qvzbh0000gn/T//RtmpruRab6/159 /var/folders/zj/qks7f18j3cz0b50t1p0qvzbh0000gn/T//RtmpruRab6/160 /var/folders/zj/qks7f18j3cz0b50t1p0qvzbh0000gn/T//RtmpruRab6/161 /var/folders/zj/qks7f18j3cz0b50t1p0qvzbh0000gn/T//RtmpruRab6/162 /var/folders/zj/qks7f18j3cz0b50t1p0qvzbh0000gn/T//RtmpruRab6/163 /var/folders/zj/qks7f18j3cz0b50t1p0qvzbh0000gn/T//RtmpruRab6/164 /var/folders/zj/qks7f18j3cz0b50t1p0qvzbh0000gn/T//RtmpruRab6/165 /var/folders/zj/qks7f18j3cz0b50t1p0qvzbh0000gn/T//RtmpruRab6/166 /var/folders/zj/qks7f18j3cz0b50t1p0qvzbh0000gn/T//RtmpruRab6/167 /var/folders/zj/qks7f18j3cz0b50t1p0qvzbh0000gn/T//RtmpruRab6/168 /var/folders/zj/qks7f18j3cz0b50t1p0qvzbh0000gn/T//RtmpruRab6/169 /var/folders/zj/qks7f18j3cz0b50t1p0qvzbh0000gn/T//RtmpruRab6/170 /var/folders/zj/qks7f18j3cz0b50t1p0qvzbh0000gn/T//RtmpruRab6/171 /var/folders/zj/qks7f18j3cz0b50t1p0qvzbh0000gn/T//RtmpruRab6/172 /var/folders/zj/qks7f18j3cz0b50t1p0qvzbh0000gn/T//RtmpruRab6/173 /var/folders/zj/qks7f18j3cz0b50t1p0qvzbh0000gn/T//RtmpruRab6/174 /var/folders/zj/qks7f18j3cz0b50t1p0qvzbh0000gn/T//RtmpruRab6/175 /var/folders/zj/qks7f18j3cz0b50t1p0qvzbh0000gn/T//RtmpruRab6/176 /var/folders/zj/qks7f18j3cz0b50t1p0qvzbh0000gn/T//RtmpruRab6/177 /var/folders/zj/qks7f18j3cz0b50t1p0qvzbh0000gn/T//RtmpruRab6/178 /var/folders/zj/qks7f18j3cz0b50t1p0qvzbh0000gn/T//RtmpruRab6/179 /var/folders/zj/qks7f18j3cz0b50t1p0qvzbh0000gn/T//RtmpruRab6/180 /var/folders/zj/qks7f18j3cz0b50t1p0qvzbh0000gn/T//RtmpruRab6/181 /var/folders/zj/qks7f18j3cz0b50t1p0qvzbh0000gn/T//RtmpruRab6/182 /var/folders/zj/qks7f18j3cz0b50t1p0qvzbh0000gn/T//RtmpruRab6/183 /var/folders/zj/qks7f18j3cz0b50t1p0qvzbh0000gn/T//RtmpruRab6/184 /var/folders/zj/qks7f18j3cz0b50t1p0qvzbh0000gn/T//RtmpruRab6/185 /var/folders/zj/qks7f18j3cz0b50t1p0qvzbh0000gn/T//RtmpruRab6/186 /var/folders/zj/qks7f18j3cz0b50t1p0qvzbh0000gn/T//RtmpruRab6/187 /var/folders/zj/qks7f18j3cz0b50t1p0qvzbh0000gn/T//RtmpruRab6/188 /var/folders/zj/qks7f18j3cz0b50t1p0qvzbh0000gn/T//RtmpruRab6/189 /var/folders/zj/qks7f18j3cz0b50t1p0qvzbh0000gn/T//RtmpruRab6/190 /var/folders/zj/qks7f18j3cz0b50t1p0qvzbh0000gn/T//RtmpruRab6/191 /var/folders/zj/qks7f18j3cz0b50t1p0qvzbh0000gn/T//RtmpruRab6/192 /var/folders/zj/qks7f18j3cz0b50t1p0qvzbh0000gn/T//RtmpruRab6/193 /var/folders/zj/qks7f18j3cz0b50t1p0qvzbh0000gn/T//RtmpruRab6/194 /var/folders/zj/qks7f18j3cz0b50t1p0qvzbh0000gn/T//RtmpruRab6/195 /var/folders/zj/qks7f18j3cz0b50t1p0qvzbh0000gn/T//RtmpruRab6/196 /var/folders/zj/qks7f18j3cz0b50t1p0qvzbh0000gn/T//RtmpruRab6/197 /var/folders/zj/qks7f18j3cz0b50t1p0qvzbh0000gn/T//RtmpruRab6/198 /var/folders/zj/qks7f18j3cz0b50t1p0qvzbh0000gn/T//RtmpruRab6/199 /var/folders/zj/qks7f18j3cz0b50t1p0qvzbh0000gn/T//RtmpruRab6/200 /var/folders/zj/qks7f18j3cz0b50t1p0qvzbh0000gn/T//RtmpruRab6/201 /var/folders/zj/qks7f18j3cz0b50t1p0qvzbh0000gn/T//RtmpruRab6/202 /var/folders/zj/qks7f18j3cz0b50t1p0qvzbh0000gn/T//RtmpruRab6/203 /var/folders/zj/qks7f18j3cz0b50t1p0qvzbh0000gn/T//RtmpruRab6/204 /var/folders/zj/qks7f18j3cz0b50t1p0qvzbh0000gn/T//RtmpruRab6/205 /var/folders/zj/qks7f18j3cz0b50t1p0qvzbh0000gn/T//RtmpruRab6/206 /var/folders/zj/qks7f18j3cz0b50t1p0qvzbh0000gn/T//RtmpruRab6/207 /var/folders/zj/qks7f18j3cz0b50t1p0qvzbh0000gn/T//RtmpruRab6/208 /var/folders/zj/qks7f18j3cz0b50t1p0qvzbh0000gn/T//RtmpruRab6/209 /var/folders/zj/qks7f18j3cz0b50t1p0qvzbh0000gn/T//RtmpruRab6/210 /var/folders/zj/qks7f18j3cz0b50t1p0qvzbh0000gn/T//RtmpruRab6/211 /var/folders/zj/qks7f18j3cz0b50t1p0qvzbh0000gn/T//RtmpruRab6/212 /var/folders/zj/qks7f18j3cz0b50t1p0qvzbh0000gn/T//RtmpruRab6/213 /var/folders/zj/qks7f18j3cz0b50t1p0qvzbh0000gn/T//RtmpruRab6/214 /var/folders/zj/qks7f18j3cz0b50t1p0qvzbh0000gn/T//RtmpruRab6/215 /var/folders/zj/qks7f18j3cz0b50t1p0qvzbh0000gn/T//RtmpruRab6/216 /var/folders/zj/qks7f18j3cz0b50t1p0qvzbh0000gn/T//RtmpruRab6/217 /var/folders/zj/qks7f18j3cz0b50t1p0qvzbh0000gn/T//RtmpruRab6/218 /var/folders/zj/qks7f18j3cz0b50t1p0qvzbh0000gn/T//RtmpruRab6/219 /var/folders/zj/qks7f18j3cz0b50t1p0qvzbh0000gn/T//RtmpruRab6/220 /var/folders/zj/qks7f18j3cz0b50t1p0qvzbh0000gn/T//RtmpruRab6/221 /var/folders/zj/qks7f18j3cz0b50t1p0qvzbh0000gn/T//RtmpruRab6/222 /var/folders/zj/qks7f18j3cz0b50t1p0qvzbh0000gn/T//RtmpruRab6/223 /var/folders/zj/qks7f18j3cz0b50t1p0qvzbh0000gn/T//RtmpruRab6/224 /var/folders/zj/qks7f18j3cz0b50t1p0qvzbh0000gn/T//RtmpruRab6/225 /var/folders/zj/qks7f18j3cz0b50t1p0qvzbh0000gn/T//RtmpruRab6/226 /var/folders/zj/qks7f18j3cz0b50t1p0qvzbh0000gn/T//RtmpruRab6/227 /var/folders/zj/qks7f18j3cz0b50t1p0qvzbh0000gn/T//RtmpruRab6/228 /var/folders/zj/qks7f18j3cz0b50t1p0qvzbh0000gn/T//RtmpruRab6/229 /var/folders/zj/qks7f18j3cz0b50t1p0qvzbh0000gn/T//RtmpruRab6/230 /var/folders/zj/qks7f18j3cz0b50t1p0qvzbh0000gn/T//RtmpruRab6/231 /var/folders/zj/qks7f18j3cz0b50t1p0qvzbh0000gn/T//RtmpruRab6/232 /var/folders/zj/qks7f18j3cz0b50t1p0qvzbh0000gn/T//RtmpruRab6/233 /var/folders/zj/qks7f18j3cz0b50t1p0qvzbh0000gn/T//RtmpruRab6/234 /var/folders/zj/qks7f18j3cz0b50t1p0qvzbh0000gn/T//RtmpruRab6/235 /var/folders/zj/qks7f18j3cz0b50t1p0qvzbh0000gn/T//RtmpruRab6/236 /var/folders/zj/qks7f18j3cz0b50t1p0qvzbh0000gn/T//RtmpruRab6/237 /var/folders/zj/qks7f18j3cz0b50t1p0qvzbh0000gn/T//RtmpruRab6/238 /var/folders/zj/qks7f18j3cz0b50t1p0qvzbh0000gn/T//RtmpruRab6/239 /var/folders/zj/qks7f18j3cz0b50t1p0qvzbh0000gn/T//RtmpruRab6/240 /var/folders/zj/qks7f18j3cz0b50t1p0qvzbh0000gn/T//RtmpruRab6/241 /var/folders/zj/qks7f18j3cz0b50t1p0qvzbh0000gn/T//RtmpruRab6/242 /var/folders/zj/qks7f18j3cz0b50t1p0qvzbh0000gn/T//RtmpruRab6/243 /var/folders/zj/qks7f18j3cz0b50t1p0qvzbh0000gn/T//RtmpruRab6/244 /var/folders/zj/qks7f18j3cz0b50t1p0qvzbh0000gn/T//RtmpruRab6/245 /var/folders/zj/qks7f18j3cz0b50t1p0qvzbh0000gn/T//RtmpruRab6/246 /var/folders/zj/qks7f18j3cz0b50t1p0qvzbh0000gn/T//RtmpruRab6/247 /var/folders/zj/qks7f18j3cz0b50t1p0qvzbh0000gn/T//RtmpruRab6/248 /var/folders/zj/qks7f18j3cz0b50t1p0qvzbh0000gn/T//RtmpruRab6/249 /var/folders/zj/qks7f18j3cz0b50t1p0qvzbh0000gn/T//RtmpruRab6/250 /var/folders/zj/qks7f18j3cz0b50t1p0qvzbh0000gn/T//RtmpruRab6/251 /var/folders/zj/qks7f18j3cz0b50t1p0qvzbh0000gn/T//RtmpruRab6/252 /var/folders/zj/qks7f18j3cz0b50t1p0qvzbh0000gn/T//RtmpruRab6/253 /var/folders/zj/qks7f18j3cz0b50t1p0qvzbh0000gn/T//RtmpruRab6/254 /var/folders/zj/qks7f18j3cz0b50t1p0qvzbh0000gn/T//RtmpruRab6/255 /var/folders/zj/qks7f18j3cz0b50t1p0qvzbh0000gn/T//RtmpruRab6/256 /var/folders/zj/qks7f18j3cz0b50t1p0qvzbh0000gn/T//RtmpruRab6/257 /var/folders/zj/qks7f18j3cz0b50t1p0qvzbh0000gn/T//RtmpruRab6/258 /var/folders/zj/qks7f18j3cz0b50t1p0qvzbh0000gn/T//RtmpruRab6/259 /var/folders/zj/qks7f18j3cz0b50t1p0qvzbh0000gn/T//RtmpruRab6/260 /var/folders/zj/qks7f18j3cz0b50t1p0qvzbh0000gn/T//RtmpruRab6/261 /var/folders/zj/qks7f18j3cz0b50t1p0qvzbh0000gn/T//RtmpruRab6/262 /var/folders/zj/qks7f18j3cz0b50t1p0qvzbh0000gn/T//RtmpruRab6/263 /var/folders/zj/qks7f18j3cz0b50t1p0qvzbh0000gn/T//RtmpruRab6/264 /var/folders/zj/qks7f18j3cz0b50t1p0qvzbh0000gn/T//RtmpruRab6/265 /var/folders/zj/qks7f18j3cz0b50t1p0qvzbh0000gn/T//RtmpruRab6/266 /var/folders/zj/qks7f18j3cz0b50t1p0qvzbh0000gn/T//RtmpruRab6/267 /var/folders/zj/qks7f18j3cz0b50t1p0qvzbh0000gn/T//RtmpruRab6/268 /var/folders/zj/qks7f18j3cz0b50t1p0qvzbh0000gn/T//RtmpruRab6/269 /var/folders/zj/qks7f18j3cz0b50t1p0qvzbh0000gn/T//RtmpruRab6/270 /var/folders/zj/qks7f18j3cz0b50t1p0qvzbh0000gn/T//RtmpruRab6/271 /var/folders/zj/qks7f18j3cz0b50t1p0qvzbh0000gn/T//RtmpruRab6/272 /var/folders/zj/qks7f18j3cz0b50t1p0qvzbh0000gn/T//RtmpruRab6/273 /var/folders/zj/qks7f18j3cz0b50t1p0qvzbh0000gn/T//RtmpruRab6/274 /var/folders/zj/qks7f18j3cz0b50t1p0qvzbh0000gn/T//RtmpruRab6/275 /var/folders/zj/qks7f18j3cz0b50t1p0qvzbh0000gn/T//RtmpruRab6/276 /var/folders/zj/qks7f18j3cz0b50t1p0qvzbh0000gn/T//RtmpruRab6/277 /var/folders/zj/qks7f18j3cz0b50t1p0qvzbh0000gn/T//RtmpruRab6/278 /var/folders/zj/qks7f18j3cz0b50t1p0qvzbh0000gn/T//RtmpruRab6/279 /var/folders/zj/qks7f18j3cz0b50t1p0qvzbh0000gn/T//RtmpruRab6/280 /var/folders/zj/qks7f18j3cz0b50t1p0qvzbh0000gn/T//RtmpruRab6/281 /var/folders/zj/qks7f18j3cz0b50t1p0qvzbh0000gn/T//RtmpruRab6/282 /var/folders/zj/qks7f18j3cz0b50t1p0qvzbh0000gn/T//RtmpruRab6/283 /var/folders/zj/qks7f18j3cz0b50t1p0qvzbh0000gn/T//RtmpruRab6/284 /var/folders/zj/qks7f18j3cz0b50t1p0qvzbh0000gn/T//RtmpruRab6/285 /var/folders/zj/qks7f18j3cz0b50t1p0qvzbh0000gn/T//RtmpruRab6/286 /var/folders/zj/qks7f18j3cz0b50t1p0qvzbh0000gn/T//RtmpruRab6/287 /var/folders/zj/qks7f18j3cz0b50t1p0qvzbh0000gn/T//RtmpruRab6/288 /var/folders/zj/qks7f18j3cz0b50t1p0qvzbh0000gn/T//RtmpruRab6/289 /var/folders/zj/qks7f18j3cz0b50t1p0qvzbh0000gn/T//RtmpruRab6/290 /var/folders/zj/qks7f18j3cz0b50t1p0qvzbh0000gn/T//RtmpruRab6/291 /var/folders/zj/qks7f18j3cz0b50t1p0qvzbh0000gn/T//RtmpruRab6/292 /var/folders/zj/qks7f18j3cz0b50t1p0qvzbh0000gn/T//RtmpruRab6/293 /var/folders/zj/qks7f18j3cz0b50t1p0qvzbh0000gn/T//RtmpruRab6/294 /var/folders/zj/qks7f18j3cz0b50t1p0qvzbh0000gn/T//RtmpruRab6/295 /var/folders/zj/qks7f18j3cz0b50t1p0qvzbh0000gn/T//RtmpruRab6/296 /var/folders/zj/qks7f18j3cz0b50t1p0qvzbh0000gn/T//RtmpruRab6/297 /var/folders/zj/qks7f18j3cz0b50t1p0qvzbh0000gn/T//RtmpruRab6/298 /var/folders/zj/qks7f18j3cz0b50t1p0qvzbh0000gn/T//RtmpruRab6/299 /var/folders/zj/qks7f18j3cz0b50t1p0qvzbh0000gn/T//RtmpruRab6/300 /var/folders/zj/qks7f18j3cz0b50t1p0qvzbh0000gn/T//RtmpruRab6/301 /var/folders/zj/qks7f18j3cz0b50t1p0qvzbh0000gn/T//RtmpruRab6/302 /var/folders/zj/qks7f18j3cz0b50t1p0qvzbh0000gn/T//RtmpruRab6/303 /var/folders/zj/qks7f18j3cz0b50t1p0qvzbh0000gn/T//RtmpruRab6/304 /var/folders/zj/qks7f18j3cz0b50t1p0qvzbh0000gn/T//RtmpruRab6/305 /var/folders/zj/qks7f18j3cz0b50t1p0qvzbh0000gn/T//RtmpruRab6/306 /var/folders/zj/qks7f18j3cz0b50t1p0qvzbh0000gn/T//RtmpruRab6/307 /var/folders/zj/qks7f18j3cz0b50t1p0qvzbh0000gn/T//RtmpruRab6/308 /var/folders/zj/qks7f18j3cz0b50t1p0qvzbh0000gn/T//RtmpruRab6/309 /var/folders/zj/qks7f18j3cz0b50t1p0qvzbh0000gn/T//RtmpruRab6/310 /var/folders/zj/qks7f18j3cz0b50t1p0qvzbh0000gn/T//RtmpruRab6/311 /var/folders/zj/qks7f18j3cz0b50t1p0qvzbh0000gn/T//RtmpruRab6/312 /var/folders/zj/qks7f18j3cz0b50t1p0qvzbh0000gn/T//RtmpruRab6/313 /var/folders/zj/qks7f18j3cz0b50t1p0qvzbh0000gn/T//RtmpruRab6/314 /var/folders/zj/qks7f18j3cz0b50t1p0qvzbh0000gn/T//RtmpruRab6/315 /var/folders/zj/qks7f18j3cz0b50t1p0qvzbh0000gn/T//RtmpruRab6/316 /var/folders/zj/qks7f18j3cz0b50t1p0qvzbh0000gn/T//RtmpruRab6/317 /var/folders/zj/qks7f18j3cz0b50t1p0qvzbh0000gn/T//RtmpruRab6/318 /var/folders/zj/qks7f18j3cz0b50t1p0qvzbh0000gn/T//RtmpruRab6/319 /var/folders/zj/qks7f18j3cz0b50t1p0qvzbh0000gn/T//RtmpruRab6/320 /var/folders/zj/qks7f18j3cz0b50t1p0qvzbh0000gn/T//RtmpruRab6/321 /var/folders/zj/qks7f18j3cz0b50t1p0qvzbh0000gn/T//RtmpruRab6/322 /var/folders/zj/qks7f18j3cz0b50t1p0qvzbh0000gn/T//RtmpruRab6/323 /var/folders/zj/qks7f18j3cz0b50t1p0qvzbh0000gn/T//RtmpruRab6/324 /var/folders/zj/qks7f18j3cz0b50t1p0qvzbh0000gn/T//RtmpruRab6/325 /var/folders/zj/qks7f18j3cz0b50t1p0qvzbh0000gn/T//RtmpruRab6/326 /var/folders/zj/qks7f18j3cz0b50t1p0qvzbh0000gn/T//RtmpruRab6/327 /var/folders/zj/qks7f18j3cz0b50t1p0qvzbh0000gn/T//RtmpruRab6/328 /var/folders/zj/qks7f18j3cz0b50t1p0qvzbh0000gn/T//RtmpruRab6/329 /var/folders/zj/qks7f18j3cz0b50t1p0qvzbh0000gn/T//RtmpruRab6/330 /var/folders/zj/qks7f18j3cz0b50t1p0qvzbh0000gn/T//RtmpruRab6/331 /var/folders/zj/qks7f18j3cz0b50t1p0qvzbh0000gn/T//RtmpruRab6/332 /var/folders/zj/qks7f18j3cz0b50t1p0qvzbh0000gn/T//RtmpruRab6/333 /var/folders/zj/qks7f18j3cz0b50t1p0qvzbh0000gn/T//RtmpruRab6/334 /var/folders/zj/qks7f18j3cz0b50t1p0qvzbh0000gn/T//RtmpruRab6/335 /var/folders/zj/qks7f18j3cz0b50t1p0qvzbh0000gn/T//RtmpruRab6/336 /var/folders/zj/qks7f18j3cz0b50t1p0qvzbh0000gn/T//RtmpruRab6/337 /var/folders/zj/qks7f18j3cz0b50t1p0qvzbh0000gn/T//RtmpruRab6/338 /var/folders/zj/qks7f18j3cz0b50t1p0qvzbh0000gn/T//RtmpruRab6/339 /var/folders/zj/qks7f18j3cz0b50t1p0qvzbh0000gn/T//RtmpruRab6/340 /var/folders/zj/qks7f18j3cz0b50t1p0qvzbh0000gn/T//RtmpruRab6/341 /var/folders/zj/qks7f18j3cz0b50t1p0qvzbh0000gn/T//RtmpruRab6/342 /var/folders/zj/qks7f18j3cz0b50t1p0qvzbh0000gn/T//RtmpruRab6/343 /var/folders/zj/qks7f18j3cz0b50t1p0qvzbh0000gn/T//RtmpruRab6/344 /var/folders/zj/qks7f18j3cz0b50t1p0qvzbh0000gn/T//RtmpruRab6/345 /var/folders/zj/qks7f18j3cz0b50t1p0qvzbh0000gn/T//RtmpruRab6/346 /var/folders/zj/qks7f18j3cz0b50t1p0qvzbh0000gn/T//RtmpruRab6/347 /var/folders/zj/qks7f18j3cz0b50t1p0qvzbh0000gn/T//RtmpruRab6/348 /var/folders/zj/qks7f18j3cz0b50t1p0qvzbh0000gn/T//RtmpruRab6/349 /var/folders/zj/qks7f18j3cz0b50t1p0qvzbh0000gn/T//RtmpruRab6/350 /var/folders/zj/qks7f18j3cz0b50t1p0qvzbh0000gn/T//RtmpruRab6/351 /var/folders/zj/qks7f18j3cz0b50t1p0qvzbh0000gn/T//RtmpruRab6/352 /var/folders/zj/qks7f18j3cz0b50t1p0qvzbh0000gn/T//RtmpruRab6/353 /var/folders/zj/qks7f18j3cz0b50t1p0qvzbh0000gn/T//RtmpruRab6/354 /var/folders/zj/qks7f18j3cz0b50t1p0qvzbh0000gn/T//RtmpruRab6/355 /var/folders/zj/qks7f18j3cz0b50t1p0qvzbh0000gn/T//RtmpruRab6/356 /var/folders/zj/qks7f18j3cz0b50t1p0qvzbh0000gn/T//RtmpruRab6/357 /var/folders/zj/qks7f18j3cz0b50t1p0qvzbh0000gn/T//RtmpruRab6/358 /var/folders/zj/qks7f18j3cz0b50t1p0qvzbh0000gn/T//RtmpruRab6/359 /var/folders/zj/qks7f18j3cz0b50t1p0qvzbh0000gn/T//RtmpruRab6/360 /var/folders/zj/qks7f18j3cz0b50t1p0qvzbh0000gn/T//RtmpruRab6/361 /var/folders/zj/qks7f18j3cz0b50t1p0qvzbh0000gn/T//RtmpruRab6/362 /var/folders/zj/qks7f18j3cz0b50t1p0qvzbh0000gn/T//RtmpruRab6/363 /var/folders/zj/qks7f18j3cz0b50t1p0qvzbh0000gn/T//RtmpruRab6/364 /var/folders/zj/qks7f18j3cz0b50t1p0qvzbh0000gn/T//RtmpruRab6/365 /var/folders/zj/qks7f18j3cz0b50t1p0qvzbh0000gn/T//RtmpruRab6/366 /var/folders/zj/qks7f18j3cz0b50t1p0qvzbh0000gn/T//RtmpruRab6/367 /var/folders/zj/qks7f18j3cz0b50t1p0qvzbh0000gn/T//RtmpruRab6/368 /var/folders/zj/qks7f18j3cz0b50t1p0qvzbh0000gn/T//RtmpruRab6/369 /var/folders/zj/qks7f18j3cz0b50t1p0qvzbh0000gn/T//RtmpruRab6/370 /var/folders/zj/qks7f18j3cz0b50t1p0qvzbh0000gn/T//RtmpruRab6/371 /var/folders/zj/qks7f18j3cz0b50t1p0qvzbh0000gn/T//RtmpruRab6/372 /var/folders/zj/qks7f18j3cz0b50t1p0qvzbh0000gn/T//RtmpruRab6/373 /var/folders/zj/qks7f18j3cz0b50t1p0qvzbh0000gn/T//RtmpruRab6/374 /var/folders/zj/qks7f18j3cz0b50t1p0qvzbh0000gn/T//RtmpruRab6/375 /var/folders/zj/qks7f18j3cz0b50t1p0qvzbh0000gn/T//RtmpruRab6/376 /var/folders/zj/qks7f18j3cz0b50t1p0qvzbh0000gn/T//RtmpruRab6/377 /var/folders/zj/qks7f18j3cz0b50t1p0qvzbh0000gn/T//RtmpruRab6/378 /var/folders/zj/qks7f18j3cz0b50t1p0qvzbh0000gn/T//RtmpruRab6/379 /var/folders/zj/qks7f18j3cz0b50t1p0qvzbh0000gn/T//RtmpruRab6/380 /var/folders/zj/qks7f18j3cz0b50t1p0qvzbh0000gn/T//RtmpruRab6/381 /var/folders/zj/qks7f18j3cz0b50t1p0qvzbh0000gn/T//RtmpruRab6/382 /var/folders/zj/qks7f18j3cz0b50t1p0qvzbh0000gn/T//RtmpruRab6/383 /var/folders/zj/qks7f18j3cz0b50t1p0qvzbh0000gn/T//RtmpruRab6/384 /var/folders/zj/qks7f18j3cz0b50t1p0qvzbh0000gn/T//RtmpruRab6/385 /var/folders/zj/qks7f18j3cz0b50t1p0qvzbh0000gn/T//RtmpruRab6/386 /var/folders/zj/qks7f18j3cz0b50t1p0qvzbh0000gn/T//RtmpruRab6/387 /var/folders/zj/qks7f18j3cz0b50t1p0qvzbh0000gn/T//RtmpruRab6/388 /var/folders/zj/qks7f18j3cz0b50t1p0qvzbh0000gn/T//RtmpruRab6/389 /var/folders/zj/qks7f18j3cz0b50t1p0qvzbh0000gn/T//RtmpruRab6/390 /var/folders/zj/qks7f18j3cz0b50t1p0qvzbh0000gn/T//RtmpruRab6/391 /var/folders/zj/qks7f18j3cz0b50t1p0qvzbh0000gn/T//RtmpruRab6/392 /var/folders/zj/qks7f18j3cz0b50t1p0qvzbh0000gn/T//RtmpruRab6/393 /var/folders/zj/qks7f18j3cz0b50t1p0qvzbh0000gn/T//RtmpruRab6/394 /var/folders/zj/qks7f18j3cz0b50t1p0qvzbh0000gn/T//RtmpruRab6/395 /var/folders/zj/qks7f18j3cz0b50t1p0qvzbh0000gn/T//RtmpruRab6/396 /var/folders/zj/qks7f18j3cz0b50t1p0qvzbh0000gn/T//RtmpruRab6/397 /var/folders/zj/qks7f18j3cz0b50t1p0qvzbh0000gn/T//RtmpruRab6/398 /var/folders/zj/qks7f18j3cz0b50t1p0qvzbh0000gn/T//RtmpruRab6/399 /var/folders/zj/qks7f18j3cz0b50t1p0qvzbh0000gn/T//RtmpruRab6/400 /var/folders/zj/qks7f18j3cz0b50t1p0qvzbh0000gn/T//RtmpruRab6/401 /var/folders/zj/qks7f18j3cz0b50t1p0qvzbh0000gn/T//RtmpruRab6/402 /var/folders/zj/qks7f18j3cz0b50t1p0qvzbh0000gn/T//RtmpruRab6/403 /var/folders/zj/qks7f18j3cz0b50t1p0qvzbh0000gn/T//RtmpruRab6/404 /var/folders/zj/qks7f18j3cz0b50t1p0qvzbh0000gn/T//RtmpruRab6/405 /var/folders/zj/qks7f18j3cz0b50t1p0qvzbh0000gn/T//RtmpruRab6/406 /var/folders/zj/qks7f18j3cz0b50t1p0qvzbh0000gn/T//RtmpruRab6/407 /var/folders/zj/qks7f18j3cz0b50t1p0qvzbh0000gn/T//RtmpruRab6/408 /var/folders/zj/qks7f18j3cz0b50t1p0qvzbh0000gn/T//RtmpruRab6/409 /var/folders/zj/qks7f18j3cz0b50t1p0qvzbh0000gn/T//RtmpruRab6/410 /var/folders/zj/qks7f18j3cz0b50t1p0qvzbh0000gn/T//RtmpruRab6/411 /var/folders/zj/qks7f18j3cz0b50t1p0qvzbh0000gn/T//RtmpruRab6/412 /var/folders/zj/qks7f18j3cz0b50t1p0qvzbh0000gn/T//RtmpruRab6/413 /var/folders/zj/qks7f18j3cz0b50t1p0qvzbh0000gn/T//RtmpruRab6/414 /var/folders/zj/qks7f18j3cz0b50t1p0qvzbh0000gn/T//RtmpruRab6/415 /var/folders/zj/qks7f18j3cz0b50t1p0qvzbh0000gn/T//RtmpruRab6/416 /var/folders/zj/qks7f18j3cz0b50t1p0qvzbh0000gn/T//RtmpruRab6/417 /var/folders/zj/qks7f18j3cz0b50t1p0qvzbh0000gn/T//RtmpruRab6/418 /var/folders/zj/qks7f18j3cz0b50t1p0qvzbh0000gn/T//RtmpruRab6/419 /var/folders/zj/qks7f18j3cz0b50t1p0qvzbh0000gn/T//RtmpruRab6/420 /var/folders/zj/qks7f18j3cz0b50t1p0qvzbh0000gn/T//RtmpruRab6/421 /var/folders/zj/qks7f18j3cz0b50t1p0qvzbh0000gn/T//RtmpruRab6/422 /var/folders/zj/qks7f18j3cz0b50t1p0qvzbh0000gn/T//RtmpruRab6/423 /var/folders/zj/qks7f18j3cz0b50t1p0qvzbh0000gn/T//RtmpruRab6/424 /var/folders/zj/qks7f18j3cz0b50t1p0qvzbh0000gn/T//RtmpruRab6/425 /var/folders/zj/qks7f18j3cz0b50t1p0qvzbh0000gn/T//RtmpruRab6/426 /var/folders/zj/qks7f18j3cz0b50t1p0qvzbh0000gn/T//RtmpruRab6/427 /var/folders/zj/qks7f18j3cz0b50t1p0qvzbh0000gn/T//RtmpruRab6/428 /var/folders/zj/qks7f18j3cz0b50t1p0qvzbh0000gn/T//RtmpruRab6/429 /var/folders/zj/qks7f18j3cz0b50t1p0qvzbh0000gn/T//RtmpruRab6/430 /var/folders/zj/qks7f18j3cz0b50t1p0qvzbh0000gn/T//RtmpruRab6/431 /var/folders/zj/qks7f18j3cz0b50t1p0qvzbh0000gn/T//RtmpruRab6/432 /var/folders/zj/qks7f18j3cz0b50t1p0qvzbh0000gn/T//RtmpruRab6/433 /var/folders/zj/qks7f18j3cz0b50t1p0qvzbh0000gn/T//RtmpruRab6/434 /var/folders/zj/qks7f18j3cz0b50t1p0qvzbh0000gn/T//RtmpruRab6/435 /var/folders/zj/qks7f18j3cz0b50t1p0qvzbh0000gn/T//RtmpruRab6/436 /var/folders/zj/qks7f18j3cz0b50t1p0qvzbh0000gn/T//RtmpruRab6/437 /var/folders/zj/qks7f18j3cz0b50t1p0qvzbh0000gn/T//RtmpruRab6/438 /var/folders/zj/qks7f18j3cz0b50t1p0qvzbh0000gn/T//RtmpruRab6/439 /var/folders/zj/qks7f18j3cz0b50t1p0qvzbh0000gn/T//RtmpruRab6/440 /var/folders/zj/qks7f18j3cz0b50t1p0qvzbh0000gn/T//RtmpruRab6/441 /var/folders/zj/qks7f18j3cz0b50t1p0qvzbh0000gn/T//RtmpruRab6/442 /var/folders/zj/qks7f18j3cz0b50t1p0qvzbh0000gn/T//RtmpruRab6/443 /var/folders/zj/qks7f18j3cz0b50t1p0qvzbh0000gn/T//RtmpruRab6/444 /var/folders/zj/qks7f18j3cz0b50t1p0qvzbh0000gn/T//RtmpruRab6/445 /var/folders/zj/qks7f18j3cz0b50t1p0qvzbh0000gn/T//RtmpruRab6/446 /var/folders/zj/qks7f18j3cz0b50t1p0qvzbh0000gn/T//RtmpruRab6/447 /var/folders/zj/qks7f18j3cz0b50t1p0qvzbh0000gn/T//RtmpruRab6/448 /var/folders/zj/qks7f18j3cz0b50t1p0qvzbh0000gn/T//RtmpruRab6/449 /var/folders/zj/qks7f18j3cz0b50t1p0qvzbh0000gn/T//RtmpruRab6/450 /var/folders/zj/qks7f18j3cz0b50t1p0qvzbh0000gn/T//RtmpruRab6/451 /var/folders/zj/qks7f18j3cz0b50t1p0qvzbh0000gn/T//RtmpruRab6/452 /var/folders/zj/qks7f18j3cz0b50t1p0qvzbh0000gn/T//RtmpruRab6/453 /var/folders/zj/qks7f18j3cz0b50t1p0qvzbh0000gn/T//RtmpruRab6/454 /var/folders/zj/qks7f18j3cz0b50t1p0qvzbh0000gn/T//RtmpruRab6/455 /var/folders/zj/qks7f18j3cz0b50t1p0qvzbh0000gn/T//RtmpruRab6/456 /var/folders/zj/qks7f18j3cz0b50t1p0qvzbh0000gn/T//RtmpruRab6/457 /var/folders/zj/qks7f18j3cz0b50t1p0qvzbh0000gn/T//RtmpruRab6/458 /var/folders/zj/qks7f18j3cz0b50t1p0qvzbh0000gn/T//RtmpruRab6/459 /var/folders/zj/qks7f18j3cz0b50t1p0qvzbh0000gn/T//RtmpruRab6/460 /var/folders/zj/qks7f18j3cz0b50t1p0qvzbh0000gn/T//RtmpruRab6/461 /var/folders/zj/qks7f18j3cz0b50t1p0qvzbh0000gn/T//RtmpruRab6/462 /var/folders/zj/qks7f18j3cz0b50t1p0qvzbh0000gn/T//RtmpruRab6/463 /var/folders/zj/qks7f18j3cz0b50t1p0qvzbh0000gn/T//RtmpruRab6/464 /var/folders/zj/qks7f18j3cz0b50t1p0qvzbh0000gn/T//RtmpruRab6/465 /var/folders/zj/qks7f18j3cz0b50t1p0qvzbh0000gn/T//RtmpruRab6/466 /var/folders/zj/qks7f18j3cz0b50t1p0qvzbh0000gn/T//RtmpruRab6/467 /var/folders/zj/qks7f18j3cz0b50t1p0qvzbh0000gn/T//RtmpruRab6/468 /var/folders/zj/qks7f18j3cz0b50t1p0qvzbh0000gn/T//RtmpruRab6/469 /var/folders/zj/qks7f18j3cz0b50t1p0qvzbh0000gn/T//RtmpruRab6/470 /var/folders/zj/qks7f18j3cz0b50t1p0qvzbh0000gn/T//RtmpruRab6/471 /var/folders/zj/qks7f18j3cz0b50t1p0qvzbh0000gn/T//RtmpruRab6/472 /var/folders/zj/qks7f18j3cz0b50t1p0qvzbh0000gn/T//RtmpruRab6/473 /var/folders/zj/qks7f18j3cz0b50t1p0qvzbh0000gn/T//RtmpruRab6/474 /var/folders/zj/qks7f18j3cz0b50t1p0qvzbh0000gn/T//RtmpruRab6/475 /var/folders/zj/qks7f18j3cz0b50t1p0qvzbh0000gn/T//RtmpruRab6/476 /var/folders/zj/qks7f18j3cz0b50t1p0qvzbh0000gn/T//RtmpruRab6/477 /var/folders/zj/qks7f18j3cz0b50t1p0qvzbh0000gn/T//RtmpruRab6/478 /var/folders/zj/qks7f18j3cz0b50t1p0qvzbh0000gn/T//RtmpruRab6/479 /var/folders/zj/qks7f18j3cz0b50t1p0qvzbh0000gn/T//RtmpruRab6/480 /var/folders/zj/qks7f18j3cz0b50t1p0qvzbh0000gn/T//RtmpruRab6/481 /var/folders/zj/qks7f18j3cz0b50t1p0qvzbh0000gn/T//RtmpruRab6/482 /var/folders/zj/qks7f18j3cz0b50t1p0qvzbh0000gn/T//RtmpruRab6/483 /var/folders/zj/qks7f18j3cz0b50t1p0qvzbh0000gn/T//RtmpruRab6/484 /var/folders/zj/qks7f18j3cz0b50t1p0qvzbh0000gn/T//RtmpruRab6/485 /var/folders/zj/qks7f18j3cz0b50t1p0qvzbh0000gn/T//RtmpruRab6/486 /var/folders/zj/qks7f18j3cz0b50t1p0qvzbh0000gn/T//RtmpruRab6/487 /var/folders/zj/qks7f18j3cz0b50t1p0qvzbh0000gn/T//RtmpruRab6/488 /var/folders/zj/qks7f18j3cz0b50t1p0qvzbh0000gn/T//RtmpruRab6/489 /var/folders/zj/qks7f18j3cz0b50t1p0qvzbh0000gn/T//RtmpruRab6/490 /var/folders/zj/qks7f18j3cz0b50t1p0qvzbh0000gn/T//RtmpruRab6/491 /var/folders/zj/qks7f18j3cz0b50t1p0qvzbh0000gn/T//RtmpruRab6/492 /var/folders/zj/qks7f18j3cz0b50t1p0qvzbh0000gn/T//RtmpruRab6/493 /var/folders/zj/qks7f18j3cz0b50t1p0qvzbh0000gn/T//RtmpruRab6/494 /var/folders/zj/qks7f18j3cz0b50t1p0qvzbh0000gn/T//RtmpruRab6/495 /var/folders/zj/qks7f18j3cz0b50t1p0qvzbh0000gn/T//RtmpruRab6/496 /var/folders/zj/qks7f18j3cz0b50t1p0qvzbh0000gn/T//RtmpruRab6/497 /var/folders/zj/qks7f18j3cz0b50t1p0qvzbh0000gn/T//RtmpruRab6/498 /var/folders/zj/qks7f18j3cz0b50t1p0qvzbh0000gn/T//RtmpruRab6/499 /var/folders/zj/qks7f18j3cz0b50t1p0qvzbh0000gn/T//RtmpruRab6/500 /var/folders/zj/qks7f18j3cz0b50t1p0qvzbh0000gn/T//RtmpruRab6/501 /var/folders/zj/qks7f18j3cz0b50t1p0qvzbh0000gn/T//RtmpruRab6/502 /var/folders/zj/qks7f18j3cz0b50t1p0qvzbh0000gn/T//RtmpruRab6/503 /var/folders/zj/qks7f18j3cz0b50t1p0qvzbh0000gn/T//RtmpruRab6/504 /var/folders/zj/qks7f18j3cz0b50t1p0qvzbh0000gn/T//RtmpruRab6/505 /var/folders/zj/qks7f18j3cz0b50t1p0qvzbh0000gn/T//RtmpruRab6/506 /var/folders/zj/qks7f18j3cz0b50t1p0qvzbh0000gn/T//RtmpruRab6/507 /var/folders/zj/qks7f18j3cz0b50t1p0qvzbh0000gn/T//RtmpruRab6/508 /var/folders/zj/qks7f18j3cz0b50t1p0qvzbh0000gn/T//RtmpruRab6/509 /var/folders/zj/qks7f18j3cz0b50t1p0qvzbh0000gn/T//RtmpruRab6/510 /var/folders/zj/qks7f18j3cz0b50t1p0qvzbh0000gn/T//RtmpruRab6/511 /var/folders/zj/qks7f18j3cz0b50t1p0qvzbh0000gn/T//RtmpruRab6/512 /var/folders/zj/qks7f18j3cz0b50t1p0qvzbh0000gn/T//RtmpruRab6/513 /var/folders/zj/qks7f18j3cz0b50t1p0qvzbh0000gn/T//RtmpruRab6/514 /var/folders/zj/qks7f18j3cz0b50t1p0qvzbh0000gn/T//RtmpruRab6/515 /var/folders/zj/qks7f18j3cz0b50t1p0qvzbh0000gn/T//RtmpruRab6/516 /var/folders/zj/qks7f18j3cz0b50t1p0qvzbh0000gn/T//RtmpruRab6/517 /var/folders/zj/qks7f18j3cz0b50t1p0qvzbh0000gn/T//RtmpruRab6/518 /var/folders/zj/qks7f18j3cz0b50t1p0qvzbh0000gn/T//RtmpruRab6/519 /var/folders/zj/qks7f18j3cz0b50t1p0qvzbh0000gn/T//RtmpruRab6/520 /var/folders/zj/qks7f18j3cz0b50t1p0qvzbh0000gn/T//RtmpruRab6/521 /var/folders/zj/qks7f18j3cz0b50t1p0qvzbh0000gn/T//RtmpruRab6/522 /var/folders/zj/qks7f18j3cz0b50t1p0qvzbh0000gn/T//RtmpruRab6/523 /var/folders/zj/qks7f18j3cz0b50t1p0qvzbh0000gn/T//RtmpruRab6/524 /var/folders/zj/qks7f18j3cz0b50t1p0qvzbh0000gn/T//RtmpruRab6/525 /var/folders/zj/qks7f18j3cz0b50t1p0qvzbh0000gn/T//RtmpruRab6/526 /var/folders/zj/qks7f18j3cz0b50t1p0qvzbh0000gn/T//RtmpruRab6/527 /var/folders/zj/qks7f18j3cz0b50t1p0qvzbh0000gn/T//RtmpruRab6/528 /var/folders/zj/qks7f18j3cz0b50t1p0qvzbh0000gn/T//RtmpruRab6/529 /var/folders/zj/qks7f18j3cz0b50t1p0qvzbh0000gn/T//RtmpruRab6/530 /var/folders/zj/qks7f18j3cz0b50t1p0qvzbh0000gn/T//RtmpruRab6/531 /var/folders/zj/qks7f18j3cz0b50t1p0qvzbh0000gn/T//RtmpruRab6/532 /var/folders/zj/qks7f18j3cz0b50t1p0qvzbh0000gn/T//RtmpruRab6/533 /var/folders/zj/qks7f18j3cz0b50t1p0qvzbh0000gn/T//RtmpruRab6/534 /var/folders/zj/qks7f18j3cz0b50t1p0qvzbh0000gn/T//RtmpruRab6/535 /var/folders/zj/qks7f18j3cz0b50t1p0qvzbh0000gn/T//RtmpruRab6/536 /var/folders/zj/qks7f18j3cz0b50t1p0qvzbh0000gn/T//RtmpruRab6/537 /var/folders/zj/qks7f18j3cz0b50t1p0qvzbh0000gn/T//RtmpruRab6/538 /var/folders/zj/qks7f18j3cz0b50t1p0qvzbh0000gn/T//RtmpruRab6/539 /var/folders/zj/qks7f18j3cz0b50t1p0qvzbh0000gn/T//RtmpruRab6/540 /var/folders/zj/qks7f18j3cz0b50t1p0qvzbh0000gn/T//RtmpruRab6/541 /var/folders/zj/qks7f18j3cz0b50t1p0qvzbh0000gn/T//RtmpruRab6/542 /var/folders/zj/qks7f18j3cz0b50t1p0qvzbh0000gn/T//RtmpruRab6/543 /var/folders/zj/qks7f18j3cz0b50t1p0qvzbh0000gn/T//RtmpruRab6/544 /var/folders/zj/qks7f18j3cz0b50t1p0qvzbh0000gn/T//RtmpruRab6/545 /var/folders/zj/qks7f18j3cz0b50t1p0qvzbh0000gn/T//RtmpruRab6/546 /var/folders/zj/qks7f18j3cz0b50t1p0qvzbh0000gn/T//RtmpruRab6/547 /var/folders/zj/qks7f18j3cz0b50t1p0qvzbh0000gn/T//RtmpruRab6/548 /var/folders/zj/qks7f18j3cz0b50t1p0qvzbh0000gn/T//RtmpruRab6/549 /var/folders/zj/qks7f18j3cz0b50t1p0qvzbh0000gn/T//RtmpruRab6/550 /var/folders/zj/qks7f18j3cz0b50t1p0qvzbh0000gn/T//RtmpruRab6/551 /var/folders/zj/qks7f18j3cz0b50t1p0qvzbh0000gn/T//RtmpruRab6/552 /var/folders/zj/qks7f18j3cz0b50t1p0qvzbh0000gn/T//RtmpruRab6/553 /var/folders/zj/qks7f18j3cz0b50t1p0qvzbh0000gn/T//RtmpruRab6/554 /var/folders/zj/qks7f18j3cz0b50t1p0qvzbh0000gn/T//RtmpruRab6/555 /var/folders/zj/qks7f18j3cz0b50t1p0qvzbh0000gn/T//RtmpruRab6/556 /var/folders/zj/qks7f18j3cz0b50t1p0qvzbh0000gn/T//RtmpruRab6/557 /var/folders/zj/qks7f18j3cz0b50t1p0qvzbh0000gn/T//RtmpruRab6/558 /var/folders/zj/qks7f18j3cz0b50t1p0qvzbh0000gn/T//RtmpruRab6/559 /var/folders/zj/qks7f18j3cz0b50t1p0qvzbh0000gn/T//RtmpruRab6/560 /var/folders/zj/qks7f18j3cz0b50t1p0qvzbh0000gn/T//RtmpruRab6/561 /var/folders/zj/qks7f18j3cz0b50t1p0qvzbh0000gn/T//RtmpruRab6/562 /var/folders/zj/qks7f18j3cz0b50t1p0qvzbh0000gn/T//RtmpruRab6/563 /var/folders/zj/qks7f18j3cz0b50t1p0qvzbh0000gn/T//RtmpruRab6/564 /var/folders/zj/qks7f18j3cz0b50t1p0qvzbh0000gn/T//RtmpruRab6/565 /var/folders/zj/qks7f18j3cz0b50t1p0qvzbh0000gn/T//RtmpruRab6/566 /var/folders/zj/qks7f18j3cz0b50t1p0qvzbh0000gn/T//RtmpruRab6/567 /var/folders/zj/qks7f18j3cz0b50t1p0qvzbh0000gn/T//RtmpruRab6/568 /var/folders/zj/qks7f18j3cz0b50t1p0qvzbh0000gn/T//RtmpruRab6/569 /var/folders/zj/qks7f18j3cz0b50t1p0qvzbh0000gn/T//RtmpruRab6/570 /var/folders/zj/qks7f18j3cz0b50t1p0qvzbh0000gn/T//RtmpruRab6/571 /var/folders/zj/qks7f18j3cz0b50t1p0qvzbh0000gn/T//RtmpruRab6/572 /var/folders/zj/qks7f18j3cz0b50t1p0qvzbh0000gn/T//RtmpruRab6/573 /var/folders/zj/qks7f18j3cz0b50t1p0qvzbh0000gn/T//RtmpruRab6/574 /var/folders/zj/qks7f18j3cz0b50t1p0qvzbh0000gn/T//RtmpruRab6/575 /var/folders/zj/qks7f18j3cz0b50t1p0qvzbh0000gn/T//RtmpruRab6/576 /var/folders/zj/qks7f18j3cz0b50t1p0qvzbh0000gn/T//RtmpruRab6/577 /var/folders/zj/qks7f18j3cz0b50t1p0qvzbh0000gn/T//RtmpruRab6/578 /var/folders/zj/qks7f18j3cz0b50t1p0qvzbh0000gn/T//RtmpruRab6/579 /var/folders/zj/qks7f18j3cz0b50t1p0qvzbh0000gn/T//RtmpruRab6/580 /var/folders/zj/qks7f18j3cz0b50t1p0qvzbh0000gn/T//RtmpruRab6/581 /var/folders/zj/qks7f18j3cz0b50t1p0qvzbh0000gn/T//RtmpruRab6/582 /var/folders/zj/qks7f18j3cz0b50t1p0qvzbh0000gn/T//RtmpruRab6/583 /var/folders/zj/qks7f18j3cz0b50t1p0qvzbh0000gn/T//RtmpruRab6/584 /var/folders/zj/qks7f18j3cz0b50t1p0qvzbh0000gn/T//RtmpruRab6/585 /var/folders/zj/qks7f18j3cz0b50t1p0qvzbh0000gn/T//RtmpruRab6/586 /var/folders/zj/qks7f18j3cz0b50t1p0qvzbh0000gn/T//RtmpruRab6/587 /var/folders/zj/qks7f18j3cz0b50t1p0qvzbh0000gn/T//RtmpruRab6/588 /var/folders/zj/qks7f18j3cz0b50t1p0qvzbh0000gn/T//RtmpruRab6/589 /var/folders/zj/qks7f18j3cz0b50t1p0qvzbh0000gn/T//RtmpruRab6/590 /var/folders/zj/qks7f18j3cz0b50t1p0qvzbh0000gn/T//RtmpruRab6/591 /var/folders/zj/qks7f18j3cz0b50t1p0qvzbh0000gn/T//RtmpruRab6/592 /var/folders/zj/qks7f18j3cz0b50t1p0qvzbh0000gn/T//RtmpruRab6/593 /var/folders/zj/qks7f18j3cz0b50t1p0qvzbh0000gn/T//RtmpruRab6/594 /var/folders/zj/qks7f18j3cz0b50t1p0qvzbh0000gn/T//RtmpruRab6/595 /var/folders/zj/qks7f18j3cz0b50t1p0qvzbh0000gn/T//RtmpruRab6/596 /var/folders/zj/qks7f18j3cz0b50t1p0qvzbh0000gn/T//RtmpruRab6/597 /var/folders/zj/qks7f18j3cz0b50t1p0qvzbh0000gn/T//RtmpruRab6/598 /var/folders/zj/qks7f18j3cz0b50t1p0qvzbh0000gn/T//RtmpruRab6/599 /var/folders/zj/qks7f18j3cz0b50t1p0qvzbh0000gn/T//RtmpruRab6/600 /var/folders/zj/qks7f18j3cz0b50t1p0qvzbh0000gn/T//RtmpruRab6/601 /var/folders/zj/qks7f18j3cz0b50t1p0qvzbh0000gn/T//RtmpruRab6/602 /var/folders/zj/qks7f18j3cz0b50t1p0qvzbh0000gn/T//RtmpruRab6/603 /var/folders/zj/qks7f18j3cz0b50t1p0qvzbh0000gn/T//RtmpruRab6/604 /var/folders/zj/qks7f18j3cz0b50t1p0qvzbh0000gn/T//RtmpruRab6/605 /var/folders/zj/qks7f18j3cz0b50t1p0qvzbh0000gn/T//RtmpruRab6/606 /var/folders/zj/qks7f18j3cz0b50t1p0qvzbh0000gn/T//RtmpruRab6/607 /var/folders/zj/qks7f18j3cz0b50t1p0qvzbh0000gn/T//RtmpruRab6/608 /var/folders/zj/qks7f18j3cz0b50t1p0qvzbh0000gn/T//RtmpruRab6/609 /var/folders/zj/qks7f18j3cz0b50t1p0qvzbh0000gn/T//RtmpruRab6/610 /var/folders/zj/qks7f18j3cz0b50t1p0qvzbh0000gn/T//RtmpruRab6/611 /var/folders/zj/qks7f18j3cz0b50t1p0qvzbh0000gn/T//RtmpruRab6/612 /var/folders/zj/qks7f18j3cz0b50t1p0qvzbh0000gn/T//RtmpruRab6/613 /var/folders/zj/qks7f18j3cz0b50t1p0qvzbh0000gn/T//RtmpruRab6/614 /var/folders/zj/qks7f18j3cz0b50t1p0qvzbh0000gn/T//RtmpruRab6/615 /var/folders/zj/qks7f18j3cz0b50t1p0qvzbh0000gn/T//RtmpruRab6/616 /var/folders/zj/qks7f18j3cz0b50t1p0qvzbh0000gn/T//RtmpruRab6/617 /var/folders/zj/qks7f18j3cz0b50t1p0qvzbh0000gn/T//RtmpruRab6/618 /var/folders/zj/qks7f18j3cz0b50t1p0qvzbh0000gn/T//RtmpruRab6/619 /var/folders/zj/qks7f18j3cz0b50t1p0qvzbh0000gn/T//RtmpruRab6/620 /var/folders/zj/qks7f18j3cz0b50t1p0qvzbh0000gn/T//RtmpruRab6/621 /var/folders/zj/qks7f18j3cz0b50t1p0qvzbh0000gn/T//RtmpruRab6/622 /var/folders/zj/qks7f18j3cz0b50t1p0qvzbh0000gn/T//RtmpruRab6/623 /var/folders/zj/qks7f18j3cz0b50t1p0qvzbh0000gn/T//RtmpruRab6/624 /var/folders/zj/qks7f18j3cz0b50t1p0qvzbh0000gn/T//RtmpruRab6/625 /var/folders/zj/qks7f18j3cz0b50t1p0qvzbh0000gn/T//RtmpruRab6/626 /var/folders/zj/qks7f18j3cz0b50t1p0qvzbh0000gn/T//RtmpruRab6/627 /var/folders/zj/qks7f18j3cz0b50t1p0qvzbh0000gn/T//RtmpruRab6/628 /var/folders/zj/qks7f18j3cz0b50t1p0qvzbh0000gn/T//RtmpruRab6/629 /var/folders/zj/qks7f18j3cz0b50t1p0qvzbh0000gn/T//RtmpruRab6/630 /var/folders/zj/qks7f18j3cz0b50t1p0qvzbh0000gn/T//RtmpruRab6/631 /var/folders/zj/qks7f18j3cz0b50t1p0qvzbh0000gn/T//RtmpruRab6/632 /var/folders/zj/qks7f18j3cz0b50t1p0qvzbh0000gn/T//RtmpruRab6/633 /var/folders/zj/qks7f18j3cz0b50t1p0qvzbh0000gn/T//RtmpruRab6/634 /var/folders/zj/qks7f18j3cz0b50t1p0qvzbh0000gn/T//RtmpruRab6/635 /var/folders/zj/qks7f18j3cz0b50t1p0qvzbh0000gn/T//RtmpruRab6/636 /var/folders/zj/qks7f18j3cz0b50t1p0qvzbh0000gn/T//RtmpruRab6/637 /var/folders/zj/qks7f18j3cz0b50t1p0qvzbh0000gn/T//RtmpruRab6/638 /var/folders/zj/qks7f18j3cz0b50t1p0qvzbh0000gn/T//RtmpruRab6/639 /var/folders/zj/qks7f18j3cz0b50t1p0qvzbh0000gn/T//RtmpruRab6/640 /var/folders/zj/qks7f18j3cz0b50t1p0qvzbh0000gn/T//RtmpruRab6/641 /var/folders/zj/qks7f18j3cz0b50t1p0qvzbh0000gn/T//RtmpruRab6/642 /var/folders/zj/qks7f18j3cz0b50t1p0qvzbh0000gn/T//RtmpruRab6/643 /var/folders/zj/qks7f18j3cz0b50t1p0qvzbh0000gn/T//RtmpruRab6/644 /var/folders/zj/qks7f18j3cz0b50t1p0qvzbh0000gn/T//RtmpruRab6/645 /var/folders/zj/qks7f18j3cz0b50t1p0qvzbh0000gn/T//RtmpruRab6/646 /var/folders/zj/qks7f18j3cz0b50t1p0qvzbh0000gn/T//RtmpruRab6/647 /var/folders/zj/qks7f18j3cz0b50t1p0qvzbh0000gn/T//RtmpruRab6/648 /var/folders/zj/qks7f18j3cz0b50t1p0qvzbh0000gn/T//RtmpruRab6/649 /var/folders/zj/qks7f18j3cz0b50t1p0qvzbh0000gn/T//RtmpruRab6/650 /var/folders/zj/qks7f18j3cz0b50t1p0qvzbh0000gn/T//RtmpruRab6/651 /var/folders/zj/qks7f18j3cz0b50t1p0qvzbh0000gn/T//RtmpruRab6/652 /var/folders/zj/qks7f18j3cz0b50t1p0qvzbh0000gn/T//RtmpruRab6/653 /var/folders/zj/qks7f18j3cz0b50t1p0qvzbh0000gn/T//RtmpruRab6/654 /var/folders/zj/qks7f18j3cz0b50t1p0qvzbh0000gn/T//RtmpruRab6/655 /var/folders/zj/qks7f18j3cz0b50t1p0qvzbh0000gn/T//RtmpruRab6/656 /var/folders/zj/qks7f18j3cz0b50t1p0qvzbh0000gn/T//RtmpruRab6/657 /var/folders/zj/qks7f18j3cz0b50t1p0qvzbh0000gn/T//RtmpruRab6/658 /var/folders/zj/qks7f18j3cz0b50t1p0qvzbh0000gn/T//RtmpruRab6/659 /var/folders/zj/qks7f18j3cz0b50t1p0qvzbh0000gn/T//RtmpruRab6/660 /var/folders/zj/qks7f18j3cz0b50t1p0qvzbh0000gn/T//RtmpruRab6/661 /var/folders/zj/qks7f18j3cz0b50t1p0qvzbh0000gn/T//RtmpruRab6/662 /var/folders/zj/qks7f18j3cz0b50t1p0qvzbh0000gn/T//RtmpruRab6/663 /var/folders/zj/qks7f18j3cz0b50t1p0qvzbh0000gn/T//RtmpruRab6/664 /var/folders/zj/qks7f18j3cz0b50t1p0qvzbh0000gn/T//RtmpruRab6/665 /var/folders/zj/qks7f18j3cz0b50t1p0qvzbh0000gn/T//RtmpruRab6/666 /var/folders/zj/qks7f18j3cz0b50t1p0qvzbh0000gn/T//RtmpruRab6/667 /var/folders/zj/qks7f18j3cz0b50t1p0qvzbh0000gn/T//RtmpruRab6/668 /var/folders/zj/qks7f18j3cz0b50t1p0qvzbh0000gn/T//RtmpruRab6/669 /var/folders/zj/qks7f18j3cz0b50t1p0qvzbh0000gn/T//RtmpruRab6/670 /var/folders/zj/qks7f18j3cz0b50t1p0qvzbh0000gn/T//RtmpruRab6/671 /var/folders/zj/qks7f18j3cz0b50t1p0qvzbh0000gn/T//RtmpruRab6/672 /var/folders/zj/qks7f18j3cz0b50t1p0qvzbh0000gn/T//RtmpruRab6/673 /var/folders/zj/qks7f18j3cz0b50t1p0qvzbh0000gn/T//RtmpruRab6/674 /var/folders/zj/qks7f18j3cz0b50t1p0qvzbh0000gn/T//RtmpruRab6/675 /var/folders/zj/qks7f18j3cz0b50t1p0qvzbh0000gn/T//RtmpruRab6/676 /var/folders/zj/qks7f18j3cz0b50t1p0qvzbh0000gn/T//RtmpruRab6/677 /var/folders/zj/qks7f18j3cz0b50t1p0qvzbh0000gn/T//RtmpruRab6/678 /var/folders/zj/qks7f18j3cz0b50t1p0qvzbh0000gn/T//RtmpruRab6/679 /var/folders/zj/qks7f18j3cz0b50t1p0qvzbh0000gn/T//RtmpruRab6/680 /var/folders/zj/qks7f18j3cz0b50t1p0qvzbh0000gn/T//RtmpruRab6/681 /var/folders/zj/qks7f18j3cz0b50t1p0qvzbh0000gn/T//RtmpruRab6/682 /var/folders/zj/qks7f18j3cz0b50t1p0qvzbh0000gn/T//RtmpruRab6/683 /var/folders/zj/qks7f18j3cz0b50t1p0qvzbh0000gn/T//RtmpruRab6/684 /var/folders/zj/qks7f18j3cz0b50t1p0qvzbh0000gn/T//RtmpruRab6/685 /var/folders/zj/qks7f18j3cz0b50t1p0qvzbh0000gn/T//RtmpruRab6/686 /var/folders/zj/qks7f18j3cz0b50t1p0qvzbh0000gn/T//RtmpruRab6/687 /var/folders/zj/qks7f18j3cz0b50t1p0qvzbh0000gn/T//RtmpruRab6/688 /var/folders/zj/qks7f18j3cz0b50t1p0qvzbh0000gn/T//RtmpruRab6/689 /var/folders/zj/qks7f18j3cz0b50t1p0qvzbh0000gn/T//RtmpruRab6/690 /var/folders/zj/qks7f18j3cz0b50t1p0qvzbh0000gn/T//RtmpruRab6/691 /var/folders/zj/qks7f18j3cz0b50t1p0qvzbh0000gn/T//RtmpruRab6/692 /var/folders/zj/qks7f18j3cz0b50t1p0qvzbh0000gn/T//RtmpruRab6/693 /var/folders/zj/qks7f18j3cz0b50t1p0qvzbh0000gn/T//RtmpruRab6/694 /var/folders/zj/qks7f18j3cz0b50t1p0qvzbh0000gn/T//RtmpruRab6/695 /var/folders/zj/qks7f18j3cz0b50t1p0qvzbh0000gn/T//RtmpruRab6/696 /var/folders/zj/qks7f18j3cz0b50t1p0qvzbh0000gn/T//RtmpruRab6/697 /var/folders/zj/qks7f18j3cz0b50t1p0qvzbh0000gn/T//RtmpruRab6/698 /var/folders/zj/qks7f18j3cz0b50t1p0qvzbh0000gn/T//RtmpruRab6/699 /var/folders/zj/qks7f18j3cz0b50t1p0qvzbh0000gn/T//RtmpruRab6/700 /var/folders/zj/qks7f18j3cz0b50t1p0qvzbh0000gn/T//RtmpruRab6/701 /var/folders/zj/qks7f18j3cz0b50t1p0qvzbh0000gn/T//RtmpruRab6/702 /var/folders/zj/qks7f18j3cz0b50t1p0qvzbh0000gn/T//RtmpruRab6/703 /var/folders/zj/qks7f18j3cz0b50t1p0qvzbh0000gn/T//RtmpruRab6/704 /var/folders/zj/qks7f18j3cz0b50t1p0qvzbh0000gn/T//RtmpruRab6/705 /var/folders/zj/qks7f18j3cz0b50t1p0qvzbh0000gn/T//RtmpruRab6/706 /var/folders/zj/qks7f18j3cz0b50t1p0qvzbh0000gn/T//RtmpruRab6/707 /var/folders/zj/qks7f18j3cz0b50t1p0qvzbh0000gn/T//RtmpruRab6/708 /var/folders/zj/qks7f18j3cz0b50t1p0qvzbh0000gn/T//RtmpruRab6/709 /var/folders/zj/qks7f18j3cz0b50t1p0qvzbh0000gn/T//RtmpruRab6/710 /var/folders/zj/qks7f18j3cz0b50t1p0qvzbh0000gn/T//RtmpruRab6/711 /var/folders/zj/qks7f18j3cz0b50t1p0qvzbh0000gn/T//RtmpruRab6/712 /var/folders/zj/qks7f18j3cz0b50t1p0qvzbh0000gn/T//RtmpruRab6/713 /var/folders/zj/qks7f18j3cz0b50t1p0qvzbh0000gn/T//RtmpruRab6/714 /var/folders/zj/qks7f18j3cz0b50t1p0qvzbh0000gn/T//RtmpruRab6/715 /var/folders/zj/qks7f18j3cz0b50t1p0qvzbh0000gn/T//RtmpruRab6/716 /var/folders/zj/qks7f18j3cz0b50t1p0qvzbh0000gn/T//RtmpruRab6/717 /var/folders/zj/qks7f18j3cz0b50t1p0qvzbh0000gn/T//RtmpruRab6/718 /var/folders/zj/qks7f18j3cz0b50t1p0qvzbh0000gn/T//RtmpruRab6/719 /var/folders/zj/qks7f18j3cz0b50t1p0qvzbh0000gn/T//RtmpruRab6/720 /var/folders/zj/qks7f18j3cz0b50t1p0qvzbh0000gn/T//RtmpruRab6/721 /var/folders/zj/qks7f18j3cz0b50t1p0qvzbh0000gn/T//RtmpruRab6/722 /var/folders/zj/qks7f18j3cz0b50t1p0qvzbh0000gn/T//RtmpruRab6/723 /var/folders/zj/qks7f18j3cz0b50t1p0qvzbh0000gn/T//RtmpruRab6/724 /var/folders/zj/qks7f18j3cz0b50t1p0qvzbh0000gn/T//RtmpruRab6/725 /var/folders/zj/qks7f18j3cz0b50t1p0qvzbh0000gn/T//RtmpruRab6/726 /var/folders/zj/qks7f18j3cz0b50t1p0qvzbh0000gn/T//RtmpruRab6/727 /var/folders/zj/qks7f18j3cz0b50t1p0qvzbh0000gn/T//RtmpruRab6/728 /var/folders/zj/qks7f18j3cz0b50t1p0qvzbh0000gn/T//RtmpruRab6/729 /var/folders/zj/qks7f18j3cz0b50t1p0qvzbh0000gn/T//RtmpruRab6/730 /var/folders/zj/qks7f18j3cz0b50t1p0qvzbh0000gn/T//RtmpruRab6/731 /var/folders/zj/qks7f18j3cz0b50t1p0qvzbh0000gn/T//RtmpruRab6/732 /var/folders/zj/qks7f18j3cz0b50t1p0qvzbh0000gn/T//RtmpruRab6/733 /var/folders/zj/qks7f18j3cz0b50t1p0qvzbh0000gn/T//RtmpruRab6/734 /var/folders/zj/qks7f18j3cz0b50t1p0qvzbh0000gn/T//RtmpruRab6/735 /var/folders/zj/qks7f18j3cz0b50t1p0qvzbh0000gn/T//RtmpruRab6/736 /var/folders/zj/qks7f18j3cz0b50t1p0qvzbh0000gn/T//RtmpruRab6/737 /var/folders/zj/qks7f18j3cz0b50t1p0qvzbh0000gn/T//RtmpruRab6/738 /var/folders/zj/qks7f18j3cz0b50t1p0qvzbh0000gn/T//RtmpruRab6/739 /var/folders/zj/qks7f18j3cz0b50t1p0qvzbh0000gn/T//RtmpruRab6/740 /var/folders/zj/qks7f18j3cz0b50t1p0qvzbh0000gn/T//RtmpruRab6/741 /var/folders/zj/qks7f18j3cz0b50t1p0qvzbh0000gn/T//RtmpruRab6/742 /var/folders/zj/qks7f18j3cz0b50t1p0qvzbh0000gn/T//RtmpruRab6/743 /var/folders/zj/qks7f18j3cz0b50t1p0qvzbh0000gn/T//RtmpruRab6/744 /var/folders/zj/qks7f18j3cz0b50t1p0qvzbh0000gn/T//RtmpruRab6/745 /var/folders/zj/qks7f18j3cz0b50t1p0qvzbh0000gn/T//RtmpruRab6/746 /var/folders/zj/qks7f18j3cz0b50t1p0qvzbh0000gn/T//RtmpruRab6/747 /var/folders/zj/qks7f18j3cz0b50t1p0qvzbh0000gn/T//RtmpruRab6/748 /var/folders/zj/qks7f18j3cz0b50t1p0qvzbh0000gn/T//RtmpruRab6/749 /var/folders/zj/qks7f18j3cz0b50t1p0qvzbh0000gn/T//RtmpruRab6/750 /var/folders/zj/qks7f18j3cz0b50t1p0qvzbh0000gn/T//RtmpruRab6/751 /var/folders/zj/qks7f18j3cz0b50t1p0qvzbh0000gn/T//RtmpruRab6/752 /var/folders/zj/qks7f18j3cz0b50t1p0qvzbh0000gn/T//RtmpruRab6/753 /var/folders/zj/qks7f18j3cz0b50t1p0qvzbh0000gn/T//RtmpruRab6/754 /var/folders/zj/qks7f18j3cz0b50t1p0qvzbh0000gn/T//RtmpruRab6/755 /var/folders/zj/qks7f18j3cz0b50t1p0qvzbh0000gn/T//RtmpruRab6/756 /var/folders/zj/qks7f18j3cz0b50t1p0qvzbh0000gn/T//RtmpruRab6/757 /var/folders/zj/qks7f18j3cz0b50t1p0qvzbh0000gn/T//RtmpruRab6/758 /var/folders/zj/qks7f18j3cz0b50t1p0qvzbh0000gn/T//RtmpruRab6/759 /var/folders/zj/qks7f18j3cz0b50t1p0qvzbh0000gn/T//RtmpruRab6/760 /var/folders/zj/qks7f18j3cz0b50t1p0qvzbh0000gn/T//RtmpruRab6/761 /var/folders/zj/qks7f18j3cz0b50t1p0qvzbh0000gn/T//RtmpruRab6/762 /var/folders/zj/qks7f18j3cz0b50t1p0qvzbh0000gn/T//RtmpruRab6/763 /var/folders/zj/qks7f18j3cz0b50t1p0qvzbh0000gn/T//RtmpruRab6/764 /var/folders/zj/qks7f18j3cz0b50t1p0qvzbh0000gn/T//RtmpruRab6/765 /var/folders/zj/qks7f18j3cz0b50t1p0qvzbh0000gn/T//RtmpruRab6/766 /var/folders/zj/qks7f18j3cz0b50t1p0qvzbh0000gn/T//RtmpruRab6/767 /var/folders/zj/qks7f18j3cz0b50t1p0qvzbh0000gn/T//RtmpruRab6/768 /var/folders/zj/qks7f18j3cz0b50t1p0qvzbh0000gn/T//RtmpruRab6/769 /var/folders/zj/qks7f18j3cz0b50t1p0qvzbh0000gn/T//RtmpruRab6/770 /var/folders/zj/qks7f18j3cz0b50t1p0qvzbh0000gn/T//RtmpruRab6/771 /var/folders/zj/qks7f18j3cz0b50t1p0qvzbh0000gn/T//RtmpruRab6/772 /var/folders/zj/qks7f18j3cz0b50t1p0qvzbh0000gn/T//RtmpruRab6/773 /var/folders/zj/qks7f18j3cz0b50t1p0qvzbh0000gn/T//RtmpruRab6/774 /var/folders/zj/qks7f18j3cz0b50t1p0qvzbh0000gn/T//RtmpruRab6/775 /var/folders/zj/qks7f18j3cz0b50t1p0qvzbh0000gn/T//RtmpruRab6/776 /var/folders/zj/qks7f18j3cz0b50t1p0qvzbh0000gn/T//RtmpruRab6/777 /var/folders/zj/qks7f18j3cz0b50t1p0qvzbh0000gn/T//RtmpruRab6/778 /var/folders/zj/qks7f18j3cz0b50t1p0qvzbh0000gn/T//RtmpruRab6/779 /var/folders/zj/qks7f18j3cz0b50t1p0qvzbh0000gn/T//RtmpruRab6/780 /var/folders/zj/qks7f18j3cz0b50t1p0qvzbh0000gn/T//RtmpruRab6/781 /var/folders/zj/qks7f18j3cz0b50t1p0qvzbh0000gn/T//RtmpruRab6/782 /var/folders/zj/qks7f18j3cz0b50t1p0qvzbh0000gn/T//RtmpruRab6/783 /var/folders/zj/qks7f18j3cz0b50t1p0qvzbh0000gn/T//RtmpruRab6/784 /var/folders/zj/qks7f18j3cz0b50t1p0qvzbh0000gn/T//RtmpruRab6/785 /var/folders/zj/qks7f18j3cz0b50t1p0qvzbh0000gn/T//RtmpruRab6/786 /var/folders/zj/qks7f18j3cz0b50t1p0qvzbh0000gn/T//RtmpruRab6/787 /var/folders/zj/qks7f18j3cz0b50t1p0qvzbh0000gn/T//RtmpruRab6/788 /var/folders/zj/qks7f18j3cz0b50t1p0qvzbh0000gn/T//RtmpruRab6/789 /var/folders/zj/qks7f18j3cz0b50t1p0qvzbh0000gn/T//RtmpruRab6/790 /var/folders/zj/qks7f18j3cz0b50t1p0qvzbh0000gn/T//RtmpruRab6/791 /var/folders/zj/qks7f18j3cz0b50t1p0qvzbh0000gn/T//RtmpruRab6/792 /var/folders/zj/qks7f18j3cz0b50t1p0qvzbh0000gn/T//RtmpruRab6/793 /var/folders/zj/qks7f18j3cz0b50t1p0qvzbh0000gn/T//RtmpruRab6/794 /var/folders/zj/qks7f18j3cz0b50t1p0qvzbh0000gn/T//RtmpruRab6/795 /var/folders/zj/qks7f18j3cz0b50t1p0qvzbh0000gn/T//RtmpruRab6/796 /var/folders/zj/qks7f18j3cz0b50t1p0qvzbh0000gn/T//RtmpruRab6/797 /var/folders/zj/qks7f18j3cz0b50t1p0qvzbh0000gn/T//RtmpruRab6/798 /var/folders/zj/qks7f18j3cz0b50t1p0qvzbh0000gn/T//RtmpruRab6/799 /var/folders/zj/qks7f18j3cz0b50t1p0qvzbh0000gn/T//RtmpruRab6/800 /var/folders/zj/qks7f18j3cz0b50t1p0qvzbh0000gn/T//RtmpruRab6/801 /var/folders/zj/qks7f18j3cz0b50t1p0qvzbh0000gn/T//RtmpruRab6/802 /var/folders/zj/qks7f18j3cz0b50t1p0qvzbh0000gn/T//RtmpruRab6/803 /var/folders/zj/qks7f18j3cz0b50t1p0qvzbh0000gn/T//RtmpruRab6/804 /var/folders/zj/qks7f18j3cz0b50t1p0qvzbh0000gn/T//RtmpruRab6/805 /var/folders/zj/qks7f18j3cz0b50t1p0qvzbh0000gn/T//RtmpruRab6/806 /var/folders/zj/qks7f18j3cz0b50t1p0qvzbh0000gn/T//RtmpruRab6/807 /var/folders/zj/qks7f18j3cz0b50t1p0qvzbh0000gn/T//RtmpruRab6/808 /var/folders/zj/qks7f18j3cz0b50t1p0qvzbh0000gn/T//RtmpruRab6/809 /var/folders/zj/qks7f18j3cz0b50t1p0qvzbh0000gn/T//RtmpruRab6/810 /var/folders/zj/qks7f18j3cz0b50t1p0qvzbh0000gn/T//RtmpruRab6/811 /var/folders/zj/qks7f18j3cz0b50t1p0qvzbh0000gn/T//RtmpruRab6/812 /var/folders/zj/qks7f18j3cz0b50t1p0qvzbh0000gn/T//RtmpruRab6/813 /var/folders/zj/qks7f18j3cz0b50t1p0qvzbh0000gn/T//RtmpruRab6/814 /var/folders/zj/qks7f18j3cz0b50t1p0qvzbh0000gn/T//RtmpruRab6/815 /var/folders/zj/qks7f18j3cz0b50t1p0qvzbh0000gn/T//RtmpruRab6/816 /var/folders/zj/qks7f18j3cz0b50t1p0qvzbh0000gn/T//RtmpruRab6/817 /var/folders/zj/qks7f18j3cz0b50t1p0qvzbh0000gn/T//RtmpruRab6/818 /var/folders/zj/qks7f18j3cz0b50t1p0qvzbh0000gn/T//RtmpruRab6/819 /var/folders/zj/qks7f18j3cz0b50t1p0qvzbh0000gn/T//RtmpruRab6/820 /var/folders/zj/qks7f18j3cz0b50t1p0qvzbh0000gn/T//RtmpruRab6/821 /var/folders/zj/qks7f18j3cz0b50t1p0qvzbh0000gn/T//RtmpruRab6/822 /var/folders/zj/qks7f18j3cz0b50t1p0qvzbh0000gn/T//RtmpruRab6/823 /var/folders/zj/qks7f18j3cz0b50t1p0qvzbh0000gn/T//RtmpruRab6/824 /var/folders/zj/qks7f18j3cz0b50t1p0qvzbh0000gn/T//RtmpruRab6/825 /var/folders/zj/qks7f18j3cz0b50t1p0qvzbh0000gn/T//RtmpruRab6/826 /var/folders/zj/qks7f18j3cz0b50t1p0qvzbh0000gn/T//RtmpruRab6/827 /var/folders/zj/qks7f18j3cz0b50t1p0qvzbh0000gn/T//RtmpruRab6/828 /var/folders/zj/qks7f18j3cz0b50t1p0qvzbh0000gn/T//RtmpruRab6/829 /var/folders/zj/qks7f18j3cz0b50t1p0qvzbh0000gn/T//RtmpruRab6/830 /var/folders/zj/qks7f18j3cz0b50t1p0qvzbh0000gn/T//RtmpruRab6/831 /var/folders/zj/qks7f18j3cz0b50t1p0qvzbh0000gn/T//RtmpruRab6/832 /var/folders/zj/qks7f18j3cz0b50t1p0qvzbh0000gn/T//RtmpruRab6/833 /var/folders/zj/qks7f18j3cz0b50t1p0qvzbh0000gn/T//RtmpruRab6/834 /var/folders/zj/qks7f18j3cz0b50t1p0qvzbh0000gn/T//RtmpruRab6/835 /var/folders/zj/qks7f18j3cz0b50t1p0qvzbh0000gn/T//RtmpruRab6/836 /var/folders/zj/qks7f18j3cz0b50t1p0qvzbh0000gn/T//RtmpruRab6/837 /var/folders/zj/qks7f18j3cz0b50t1p0qvzbh0000gn/T//RtmpruRab6/838 /var/folders/zj/qks7f18j3cz0b50t1p0qvzbh0000gn/T//RtmpruRab6/839 /var/folders/zj/qks7f18j3cz0b50t1p0qvzbh0000gn/T//RtmpruRab6/840 /var/folders/zj/qks7f18j3cz0b50t1p0qvzbh0000gn/T//RtmpruRab6/841 /var/folders/zj/qks7f18j3cz0b50t1p0qvzbh0000gn/T//RtmpruRab6/842 /var/folders/zj/qks7f18j3cz0b50t1p0qvzbh0000gn/T//RtmpruRab6/843 /var/folders/zj/qks7f18j3cz0b50t1p0qvzbh0000gn/T//RtmpruRab6/844 /var/folders/zj/qks7f18j3cz0b50t1p0qvzbh0000gn/T//RtmpruRab6/845 /var/folders/zj/qks7f18j3cz0b50t1p0qvzbh0000gn/T//RtmpruRab6/846 /var/folders/zj/qks7f18j3cz0b50t1p0qvzbh0000gn/T//RtmpruRab6/847 /var/folders/zj/qks7f18j3cz0b50t1p0qvzbh0000gn/T//RtmpruRab6/848 /var/folders/zj/qks7f18j3cz0b50t1p0qvzbh0000gn/T//RtmpruRab6/849 /var/folders/zj/qks7f18j3cz0b50t1p0qvzbh0000gn/T//RtmpruRab6/850 /var/folders/zj/qks7f18j3cz0b50t1p0qvzbh0000gn/T//RtmpruRab6/851 /var/folders/zj/qks7f18j3cz0b50t1p0qvzbh0000gn/T//RtmpruRab6/852 /var/folders/zj/qks7f18j3cz0b50t1p0qvzbh0000gn/T//RtmpruRab6/853 /var/folders/zj/qks7f18j3cz0b50t1p0qvzbh0000gn/T//RtmpruRab6/854 /var/folders/zj/qks7f18j3cz0b50t1p0qvzbh0000gn/T//RtmpruRab6/855 /var/folders/zj/qks7f18j3cz0b50t1p0qvzbh0000gn/T//RtmpruRab6/856 /var/folders/zj/qks7f18j3cz0b50t1p0qvzbh0000gn/T//RtmpruRab6/857 /var/folders/zj/qks7f18j3cz0b50t1p0qvzbh0000gn/T//RtmpruRab6/858 /var/folders/zj/qks7f18j3cz0b50t1p0qvzbh0000gn/T//RtmpruRab6/859 /var/folders/zj/qks7f18j3cz0b50t1p0qvzbh0000gn/T//RtmpruRab6/860 /var/folders/zj/qks7f18j3cz0b50t1p0qvzbh0000gn/T//RtmpruRab6/861 /var/folders/zj/qks7f18j3cz0b50t1p0qvzbh0000gn/T//RtmpruRab6/862 /var/folders/zj/qks7f18j3cz0b50t1p0qvzbh0000gn/T//RtmpruRab6/863 /var/folders/zj/qks7f18j3cz0b50t1p0qvzbh0000gn/T//RtmpruRab6/864 /var/folders/zj/qks7f18j3cz0b50t1p0qvzbh0000gn/T//RtmpruRab6/865 /var/folders/zj/qks7f18j3cz0b50t1p0qvzbh0000gn/T//RtmpruRab6/866 /var/folders/zj/qks7f18j3cz0b50t1p0qvzbh0000gn/T//RtmpruRab6/867 /var/folders/zj/qks7f18j3cz0b50t1p0qvzbh0000gn/T//RtmpruRab6/868 /var/folders/zj/qks7f18j3cz0b50t1p0qvzbh0000gn/T//RtmpruRab6/869 /var/folders/zj/qks7f18j3cz0b50t1p0qvzbh0000gn/T//RtmpruRab6/870 /var/folders/zj/qks7f18j3cz0b50t1p0qvzbh0000gn/T//RtmpruRab6/871 /var/folders/zj/qks7f18j3cz0b50t1p0qvzbh0000gn/T//RtmpruRab6/872 /var/folders/zj/qks7f18j3cz0b50t1p0qvzbh0000gn/T//RtmpruRab6/873 /var/folders/zj/qks7f18j3cz0b50t1p0qvzbh0000gn/T//RtmpruRab6/874 /var/folders/zj/qks7f18j3cz0b50t1p0qvzbh0000gn/T//RtmpruRab6/875 /var/folders/zj/qks7f18j3cz0b50t1p0qvzbh0000gn/T//RtmpruRab6/876 /var/folders/zj/qks7f18j3cz0b50t1p0qvzbh0000gn/T//RtmpruRab6/877 /var/folders/zj/qks7f18j3cz0b50t1p0qvzbh0000gn/T//RtmpruRab6/878 /var/folders/zj/qks7f18j3cz0b50t1p0qvzbh0000gn/T//RtmpruRab6/879
